association_info.ancestry	association_info.gwas_catalog_id	association_info.neg_log_pval	association_info.pubmed_id	gold_standard_info.evidence.class	gold_standard_info.evidence.confidence	gold_standard_info.evidence.curated_by	gold_standard_info.evidence.description	gold_standard_info.evidence.pubmed_id	gold_standard_info.gene_id	gold_standard_info.highest_confidence	metadata.date_added	metadata.reviewed_by	metadata.set_label	metadata.submitted_by	metadata.tags	sentinel_variant.alleles.alternative	sentinel_variant.alleles.reference	sentinel_variant.locus_GRCh37.chromosome	sentinel_variant.locus_GRCh37.position	sentinel_variant.locus_GRCh38.chromosome	sentinel_variant.locus_GRCh38.position	sentinel_variant.rsid	trait_info.ontology	trait_info.reported_trait_name	trait_info.standard_trait_name
EUR	GCST000324	23.699	19185284	expert curated	High	Eric Fauman	BCO1 (previously referred to as BCMO1) encodes beta-carotene oxygenase 1 which uses a molecule of oxygen to produce two molecules of retinol from beta-carotene.  Enzyme deficiency results in accumulation of beta-carotene.	11401432	ENSG00000135697	High	2019-05-17	Ed Mountjoy	ProGeM	Eric Fauman	metabolite|mQTL	G	T	16	81264597	16	81230992	rs6564851	HMDB0000561	Carotenoid and tocopherol levels (beta-carotene)	B-Carotene
unknown	GCST000386	323.301	19414484	expert curated	High	Eric Fauman	UGT1A1 encodes an enzyme with bilirubin glucuronidating activity.  Bilirubin is derived from biliverdin.	01898728	ENSG00000242366	High	2019-05-17	Ed Mountjoy	ProGeM	Eric Fauman	metabolite|mQTL	T	G	2	234672639	2	233763993	rs6742078	HMDB0000054	Bilirubin levels	Bilirubin
ASW|EUR	GCST000388	8.046	19419973	expert curated	High	Eric Fauman	G6PD encodes the glucose-6-phosphate dehydrogenase, an enzyme critical to red blood cell metabolism.  G6PD deficiency results in accumulation of bilirubin, a breakdown product of heme.	11445808	ENSG00000160211	High	2019-05-17	Ed Mountjoy	ProGeM	Eric Fauman	metabolite|mQTL	G	C	X	153554404	X	154326058	rs766420	HMDB0000054	Bilirubin levels	Bilirubin
EUR	GCST000493	65.046	19798445	expert curated	High	Eric Fauman	SGPP1 encodes a sphingosine-1-phosphate phosphatase which dephosphorylates sphingosine-1-phosphate to sphingosine which can then be incorporated into sphingomyelin.	10859351	ENSG00000126821	High	2019-05-17	Ed Mountjoy	ProGeM	Eric Fauman	metabolite|mQTL	T	G	14	64235556	14	63768838	rs7157785	HMDB0012097	Sphingolipid levels (SM 14:0Mol%)	sphingomyelin 14∶0 molar percentage
EUR	GCST000568	217.046	20081858	expert curated	High	Eric Fauman	G6PC2 encodes a pancreas-specific glucose-6-phosphatase. This enzyme influences the fasting glucose set point for basal insulin secretion.	23274894	ENSG00000152254	High	2019-05-17	Ed Mountjoy	ProGeM	Eric Fauman	metabolite|mQTL	C	T	2	169763148	2	168906638	rs560887	HMDB0000122	Fasting glucose-related traits (FPG)	D-Glucose
EUR	GCST000697	108.699	20541252	expert curated	High	Eric Fauman	GC encodes the vitamin D binding protein which transports multiple forms of vitamin D	00049052	ENSG00000145321	High	2019-05-17	Ed Mountjoy	ProGeM	Eric Fauman	metabolite|mQTL	G	T	4	72608383	4	71742666	rs2282679	HMDB0001438	Vitamin D insufficiency	25-Hydroxyvitamin D2
EUR	GCST000697	19.523	20541252	expert curated	High	Eric Fauman	CYP2R1 encodes the vitamin D 25-hydroxylase which produces the detected metabolite.	12867411	ENSG00000186104	High	2019-05-17	Ed Mountjoy	ProGeM	Eric Fauman	metabolite|mQTL	G	A	11	14914878	11	14893332	rs10741657	HMDB0001438	Vitamin D insufficiency	25-Hydroxyvitamin D2
EUR	GCST000697	26.699	20541252	expert curated	High	Eric Fauman	DHCR7 encodes 7-dehydrocholesterol reductase, which acts on 7-dehydrocholesterol, a precursor of vitamin D.	10807690	ENSG00000172893	High	2019-05-17	Ed Mountjoy	ProGeM	Eric Fauman	metabolite|mQTL	T	G	11	71167449	11	71456403	rs12785878	HMDB0001438	Vitamin D insufficiency	25-Hydroxyvitamin D2
EUR	GCST000703	27.0	20558539	expert curated	High	Eric Fauman	ALPL encodes the liver alkaline phosphatase.  Loss of function of alkaline phosphatase causes hypophosphatasia.	03174660	ENSG00000162551	High	2019-05-17	Ed Mountjoy	ProGeM	Eric Fauman	metabolite|mQTL	T	C	1	21823292	1	21496799	rs1697421	HMDB0001315	Phosphorus levels	Phosphorus
EUR	GCST000703	8.398	20558539	expert curated	High	Eric Fauman	FGF23 encodes a fibroblast growth factor which regulates phosphate levels through multiple mechanisms, including regulation of levels of kidney phosphate transporters	15863037	ENSG00000118972	High	2019-05-17	Ed Mountjoy	ProGeM	Eric Fauman	metabolite|mQTL	A	T	12	4606168	12	4497002	rs2970818	HMDB0001315	Phosphorus levels	Phosphorus
EUR	GCST000756	35.699	20700443	expert curated	High	Eric Fauman	MUC1 encodes a mucin protein which forms a mucosal layer in intestines and kidney and may regulate absorption of magnesium	01983814	ENSG00000185499	High	2019-05-17	Ed Mountjoy	ProGeM	Eric Fauman	metabolite|mQTL	T	C	1	155162067	1	155192276	rs4072037	HMDB0000547	Magnesium levels	Magneseium
EUR	GCST000756	14.097	20700443	expert curated	High	Eric Fauman	TRPM6 encodes a cation transporter with demonstrated activity toward magnesium.	14576148	ENSG00000119121	High	2019-05-17	Ed Mountjoy	ProGeM	Eric Fauman	metabolite|mQTL	C	T	9	77499796	9	74884880	rs11144134	HMDB0000547	Magnesium levels	Magnesium
EUR	GCST000925	17.523	21203500	expert curated	High	Eric Fauman	FUT8 encodes a fucosyltransferase that catalyzes the transfer of fucose to complex glycopeptides.	00985526	ENSG00000033170	High	2019-05-17	Ed Mountjoy	ProGeM	Eric Fauman	metabolite|mQTL	A	G	14	65758642	14	65291924	rs7159888	EFO_0004999	N-glycan levels (DG1)	N-glycan measurement
EUR	GCST001049	51.222	21502573	expert curated	High	Eric Fauman	F3 encodes coagulation factor 3, also known as tissue factor, which is involved in the initiation of the clotting cascade, which eventually results in the production of fibrin.  The D-dimer metabolite is a degredation product of fibrin clots.	12223078	ENSG00000117525	High	2019-05-17	Ed Mountjoy	ProGeM	Eric Fauman	metabolite|mQTL	G	T	1	95053353	1	94587797	rs12029080	EFO_0004507	D-dimer levels	D dimer measurement
EUR	GCST001049	13.699	21502573	expert curated	High	Eric Fauman	F5 encodes coagulation factor 5, an essential element of the clotting cascade, which eventually results in the production of fibrin.  The D-dimer metabolite is a degredation product of fibrin clots.	25231258	ENSG00000198734	High	2019-05-17	Ed Mountjoy	ProGeM	Eric Fauman	metabolite|mQTL	C	A	1	169477574	1	169508336	rs6687813	EFO_0004507	D-dimer levels	D dimer measurement
EUR	GCST001142	10.0	21729881	expert curated	High	Eric Fauman	CYP4F2 encodes a cytochrome P450 with a special role in the production of Vitamin E	11997390	ENSG00000186115	High	2019-05-17	Ed Mountjoy	ProGeM	Eric Fauman	metabolite|mQTL	T	C	19	15990431	19	15879621	rs2108622	HMDB0001893	Vitamin E levels	Alpha-Tocopherol
EUR	GCST001179	43.0	21829377	expert curated	High	Eric Fauman	ELOVL2 encodes a long chain fatty acid elongase.  The coenzyme A derivative of DPA (22:5n3) is both a product and a substrate for the enzyme. 	12371743	ENSG00000197977	High	2019-05-17	Ed Mountjoy	ProGeM	Eric Fauman	metabolite|mQTL	C	T	6	10982973	6	10982740	rs3734398	HMDB0006528	Phospholipid levels (plasma) (DPA)	Docosapentaenoic acid
EUR	GCST001216	14.155	21878437	expert curated	High	Eric Fauman	RBP4 encodes a retinol-binding protein that transports retinol in the blood. 	02444024	ENSG00000138207	High	2019-05-17	Ed Mountjoy	ProGeM	Eric Fauman	metabolite|mQTL	C	T	10	95348182	10	93588425	rs10882272	HMDB0000305	Retinol levels	Vitamin A
EUR	GCST001216	13.222	21878437	expert curated	High	Eric Fauman	TTR encodes a thyroid hormone-binding protein which transports thryroxine and retinol.	04607556	ENSG00000118271	High	2019-05-17	Ed Mountjoy	ProGeM	Eric Fauman	metabolite|mQTL	C	A	18	29187279	18	31607316	rs1667255	HMDB0000305	Retinol levels	Vitamin A
EUR	GCST001217	14.301	21886157	expert curated|expert curated	High|High	Eric Fauman|Eric Fauman	AHR encodes the aromatic hydrocarbon receptor, a transcription factor which activates CYP1A1 and CYP1A2.  These enzymes metabolize caffeine.|AHR encodes the aromatic hydrocarbon receptor, a transcription factor which activates CYP1A1 and CYP1A2.  These enzymes metabolize caffeine.	10605936|08095225	ENSG00000106546	High	2019-05-17	Ed Mountjoy	ProGeM	Eric Fauman	metabolite|mQTL	A	C	7	17309279	7	17269655	rs12670403	HMDB0001847|HMDB0003072	Metabolic traits (caffeine/quinate + 3 other traits)	Caffeine / Quinic acid
EUR	GCST001217	12.155	21886157	expert curated	High	Eric Fauman	NT5E encodes the ecto-5'-nucleotidase which can generate inosine	06271180	ENSG00000135318	High	2019-05-17	Ed Mountjoy	ProGeM	Eric Fauman	metabolite|mQTL	G	A	6	86117129	6	85407411	rs494562	HMDB0000195	Metabolic traits (inosine + 1 other trait)	Inosine
EUR	GCST001264	41.0	21998597	expert curated	High	Eric Fauman	SHBG encodes the sex-hormone binding globulin which binds which binds to and transports testosterone.	07626508	ENSG00000129214	High	2019-05-17	Ed Mountjoy	ProGeM	Eric Fauman	metabolite|mQTL	T	G	17	7521915	17	7618597	rs12150660	HMDB0000234	Testosterone levels (Testosterone)	Testosterone
EUR	GCST001391	21.523	22286219	expert curated	High	Eric Fauman	SLC1A4 encodes a neutral amino acid transporter with demonstrated activity for alanine, serine, cysteine and threonine.  2-aminobutyrate is structurally similar to these amino acids.	07896285	ENSG00000115902	High	2019-05-17	Ed Mountjoy	ProGeM	Eric Fauman	metabolite|mQTL	C	T	2	65220910	2	64993776	rs2160387	HMDB0000161|HMDB0000883	Metabolite levels (Ala, Val)	L-Alanine / L-Valine
EUR	GCST001391	16.699	22286219	expert curated	High	Eric Fauman	TAT encodes tyrosine aminotransferase which converts tyrosine to 4-hydroxyphenylpyruvate.  Enzyme deficiency in this enzyme causes tyrosine build up.	01973834	ENSG00000198650	High	2019-05-17	Ed Mountjoy	ProGeM	Eric Fauman	metabolite|mQTL	T	A	16	71634811	16	71600908	rs4788815	HMDB0000159|HMDB0000158	Metabolite levels (Phe, Tyr)	L-Phenylalanine / L-Tyrosine
EUR	GCST001392	11.097	22286219	expert curated	High	Eric Fauman	CPT1A encodes a carnitine O-palmitoyltransferase which acts the CoA version of the free fatty acid metabolite detected here	01865762	ENSG00000110090	High	2019-05-17	Ed Mountjoy	ProGeM	Eric Fauman	metabolite|mQTL	T	C	11	68562328	11	68794860	rs2229738	HMDB0000673	Lipid metabolism phenotypes (LA/PUFA)	Linoleic acid
EUR	GCST001414	9.097	22359512	expert curated	High	Eric Fauman	AGPAT1 encodes 1-acyl-sn-glycerol-3-phosphate acyltransferase alpha, an enzyme which produces phosphatidic acid.	17707131	ENSG00000204310	High	2019-05-17	Ed Mountjoy	ProGeM	Eric Fauman	metabolite|mQTL	G	T	6	32136547	6	32168770	rs1061808	HMDB0008031|HMDB0008003	Phospholipid levels (plasma) (proportions (PC 32∶0/PC 34∶1))	similar to Phosphatidylcholine(18:0/14:0)|Phosphatidylcholine(16:1/18:0)
EUR	GCST001413	18.699	22359512	expert curated	High	Eric Fauman	ATP10D encodes a phospholipid flippase.  Closely related gene family members have demonstrated activity versus phosphatidylcholine.	25947375	ENSG00000145246	High	2019-05-17	Ed Mountjoy	ProGeM	Eric Fauman	metabolite|mQTL	G	T	4	47551863	4	47549846	rs13106975	EFO_0004622 	Sphingolipid levels (levels)	sphingolipid measurement
SAS	GCST001421	8.523	22383894	expert curated	High	Eric Fauman	AS3MT encodes arsenite methyltransferase which acts on methylarsonite to produce dimethylarsinate (also known as cacodylate)	20621156	ENSG00000214435	High	2019-05-17	Ed Mountjoy	ProGeM	Eric Fauman	metabolite|mQTL	T	C	10	104623578	10	102863821	rs9527	HMDB0011625	Arsenic metabolism  (DMA%)	Dimethylarsinate
EAS	GCST001608	62.523	22797727	expert curated|expert curated	High|High	Eric Fauman|Eric Fauman	SLC22A12 encodes the URAT1 transporter, a kidney urate reuptake transporter.  The nearby gene SLC22A11 encodes the hOAT4 transporter which primarily transports steroid molecules and has only very weak affinity for urea.|SLC22A12 encodes the URAT1 transporter, a kidney urate reuptake transporter.  The nearby gene SLC22A11 encodes the hOAT4 transporter which primarily transports steroid molecules and has only very weak affinity for urea.	12024214|27105641	ENSG00000197891	High	2019-05-17	Ed Mountjoy	ProGeM	Eric Fauman	metabolite|mQTL	A	T	11	64464085	11	64696613	rs504915	HMDB0000294	Renal function-related traits (urea)	Urea
EAS	GCST001608	17.155	22797727	expert curated	High	Eric Fauman	SLC14A2 encodes a urea transporter expressed in kidney.	11502588	ENSG00000132874	High	2019-05-17	Ed Mountjoy	ProGeM	Eric Fauman	metabolite|mQTL	G	A	18	43187130	18	45607165	rs7227483	HMDB0000294	Renal function-related traits (BUN)	Urea
EUR		17.068	22885924	expert curated	High	Eric Fauman	SLC2A2 encodes a glucose transporter (GLUT2)	02479026	ENSG00000163581	High	2019-05-17	Ed Mountjoy	ProGeM	Eric Fauman	metabolite|mQTL	C	T	3	170713290	3	170995501	rs1280	HMDB0000122	MAGIC Fasting Glucose GWAS/Metabochip 2012	D-Glucose
EUR		7.757	22885924	expert curated	High	Eric Fauman	IGF2BP2 encodes a protein which binds insulin-like growth factor 2 mRNA.  	09891060	ENSG00000073792	High	2019-05-17	Ed Mountjoy	ProGeM	Eric Fauman	metabolite|mQTL	G	A	3	185513392	3	185795604	rs7651090	HMDB0000122	MAGIC Fasting Glucose GWAS/Metabochip 2012	D-Glucose
EUR		14.991	22885924	expert curated	High	Eric Fauman	PCSK1 encodes a protease which is involved in maturation of insulin	01843283	ENSG00000175426	High	2019-05-17	Ed Mountjoy	ProGeM	Eric Fauman	metabolite|mQTL	T	C	5	95539448	5	96203744	rs4869272	HMDB0000122	MAGIC Fasting Glucose GWAS/Metabochip 2012	D-Glucose
EUR		98.541	22885924	expert curated	High	Eric Fauman	GCK encodes glucokinase which directly phosphorylates glucose and thus contributes to glucose homeostasis	01871135	ENSG00000106633	High	2019-05-17	Ed Mountjoy	ProGeM	Eric Fauman	metabolite|mQTL	C	T	7	44231886	7	44192287	rs6975024	HMDB0000122	MAGIC Fasting Glucose GWAS/Metabochip 2012	D-Glucose
EUR		214.971	22885924	expert curated	High	Eric Fauman	MTNR1B encodes a melatonin receptor.  Melatonin stimulates glucose uptake.	16842543	ENSG00000134640	High	2019-05-17	Ed Mountjoy	ProGeM	Eric Fauman	metabolite|mQTL	G	C	11	92708710	11	92975544	rs10830963	HMDB0000122	MAGIC Fasting Glucose GWAS/Metabochip 2012	D-Glucose
EUR		14.876	22885924	expert curated|expert curated	High|High	Eric Fauman|Eric Fauman	PDX1 encodes a pancreas-specific transcription factor which induces expression of insulin and SLC2A2 (GLUT2)  which each influence glucose levels|PDX1 encodes a pancreas-specific transcription factor which induces expression of insulin and SLC2A2 (GLUT2)  which each influence glucose levels	07901001|08923459	ENSG00000139515	High	2019-05-17	Ed Mountjoy	ProGeM	Eric Fauman	metabolite|mQTL	G	A	13	28487599	13	27913462	rs11619319	HMDB0000122	MAGIC Fasting Glucose GWAS/Metabochip 2012	D-Glucose
EUR	GCST001791	29.0	23263486	expert curated	High	Eric Fauman	PDZK1 encodes a protein that binds to and regulates the activity of URAT1 (encoded by SLC22A12), which is a urate transporter.	15304510	ENSG00000174827	High	2019-05-17	Ed Mountjoy	ProGeM	Eric Fauman	metabolite|mQTL	C	A	1	145723739	1	145711327	rs1471633	HMDB0000289	Urate levels	Uric acid
EUR	GCST001791	700.0	23263486	expert curated	High	Eric Fauman	SLC2A9 encodes a urate transporter.	18327257	ENSG00000109667	High	2019-05-17	Ed Mountjoy	ProGeM	Eric Fauman	metabolite|mQTL	G	A	4	9944052	4	9942428	rs12498742	HMDB0000289	Urate levels	Uric acid
EUR	GCST001791	134.0	23263486	expert curated	High	Eric Fauman	ABCG2 encodes a urate transporter.	19506252	ENSG00000118777	High	2019-05-17	Ed Mountjoy	ProGeM	Eric Fauman	metabolite|mQTL	T	G	4	89052323	4	88131171	rs2231142	HMDB0000289	Urate levels	Uric acid
EUR	GCST001840	8.523	23362303	expert curated	High	Eric Fauman	LPGAT1 encodes a lysophosphatidylglycerol acyltransferase which transfers long-chain acyl-CoAs to lysophosphatidylglycerol with a demonstrated preference for stearoyl-CoA.	15485873	ENSG00000123684	High	2019-05-17	Ed Mountjoy	ProGeM	Eric Fauman	metabolite|mQTL	A	T	1	211918244	1	211744902	rs11119805	HMDB0000827	Stearic acid (18:0) plasma levels	Stearic acid
EUR	GCST001856	31.097	23408906	expert curated	High	Eric Fauman	DIO1 encodes an iodothyronine deiodinase which deiodinates of thyroxine (T4) to produce the biologically active hormone T3	01400883	ENSG00000211452	High	2019-05-17	Ed Mountjoy	ProGeM	Eric Fauman	metabolite|mQTL	A	C	1	54375570	1	53909897	rs2235544	HMDB0000248	Thyroid hormone levels (FT4: free thyroxine)	Thyroxine
EUR	GCST001856	10.699	23408906	expert curated	High	Eric Fauman	FOXE1 encodes a transcription factor expressed specifically in thyroid gland, the source of the thyroxine (FT4 thyroid hormone)	09214635	ENSG00000178919	High	2019-05-17	Ed Mountjoy	ProGeM	Eric Fauman	metabolite|mQTL	T	C	9	100591463	9	97829181	rs7045138	HMDB0000248	Thyroid hormone levels (FT4: free thyroxine)	Thyroxine
EUR	GCST001856	13.699	23408906	expert curated	High	Eric Fauman	LHX3 encodes pituitary-specific transcription factor which is critical for pituitary gland development.  The pituitary gland produces thyroid stimulating hormone which directs the thyroid gland to produce thyroxine (T4).	08638120	ENSG00000107187	High	2019-05-17	Ed Mountjoy	ProGeM	Eric Fauman	metabolite|mQTL	A	G	9	139089679	9	136197833	rs7860634	HMDB0000248	Thyroid hormone levels (FT4: free thyroxine)	Thyroxine
AFR|EAS|EUR|ZZ1	GCST001914	7.523	23518928	expert curated	High	Eric Fauman	TSPYL5 induces CYP19A1 expression, which in turn encodes a key enzyme involved in the biosynthesis of estradiol.	23518928	ENSG00000180543	High	2019-05-17	Ed Mountjoy	ProGeM	Eric Fauman	metabolite|mQTL	A	G	8	98282189	8	97269961	rs1864729	HMDB0000151	Estradiol plasma levels (breast cancer)	Estradiol
EUR	GCST002041	19.523	23720494	expert curated	High	Eric Fauman	SELENBP1 encodes a selenium-binding protein.  The Arabidopsis ortholog (61% identity) has been shown to bind copper.	25274629	ENSG00000143416	High	2019-05-17	Ed Mountjoy	ProGeM	Eric Fauman	metabolite|mQTL	G	T	1	151344741	1	151372265	rs2769264	HMDB0000657	Blood trace element (Cu levels)	Copper
ASW	GCST002043	9.222	23726366	expert curated	High	Eric Fauman	CD36 encodes a platelet glycoprotein which binds HDL	09867808	ENSG00000135218	High	2019-05-17	Ed Mountjoy	ProGeM	Eric Fauman	metabolite|mQTL	A	C	7	80340622	7	80711306	rs2366858	EFO_0004612	HDL cholesterol (AA)	high density lipoprotein cholesterol measurement
EUR		32.18	23823483	expert curated	High	Eric Fauman	DMGDH encodes dimethylglycine dehydrogenase which takes dimethlyglycine as a substrate.  Enzyme deficiency results in excess dimethlyglycine.	10102904	ENSG00000132837	High	2019-05-17	Ed Mountjoy	ProGeM	Eric Fauman	metabolite|mQTL	A	C	5	78330227	5	79034404	rs248386	HMDB0000092	Dimethlyglycine	Dimethlyglycine
EUR		9.854	23823483	expert curated	High	Eric Fauman	AGA encodes the enzyme aspartylglucosaminidase which generates asparagine from N-acetylglucosamines.  Deficiency results in an accumulation of asparagine-linked glycopeptides.	01281977	ENSG00000038002	High	2019-05-17	Ed Mountjoy	ProGeM	Eric Fauman	metabolite|mQTL	A	C	4	178361051	4	177439897	rs4690522	HMDB0000168	Asparagine	L-Asparagine
EUR		9.119	23823483	expert curated	High	Eric Fauman	UMPS encodes uridine monophosphate synthetase, the enzyme which converts orotic acid to uridine.  Enzyme deficiency results in accumulation of orotic acid.	06893554	ENSG00000114491	High	2019-05-17	Ed Mountjoy	ProGeM	Eric Fauman	metabolite|mQTL	A	C	3	124451064	3	124732217	rs9844948	HMDB0000226	Orotic acid	Orotic acid
EUR		19.886	23823483	expert curated	High	Eric Fauman	SERPINA7 encodes the thyroxine-binding globulin protein.	03094014	ENSG00000123561	High	2019-05-17	Ed Mountjoy	ProGeM	Eric Fauman	metabolite|mQTL	G	A	X	105276609	X	106032618	rs7883218	HMDB0000248	Thyroxine	Thyroxine
EUR	GCST002087	103.398	23824729	expert curated	High	Eric Fauman	MTHFR encodes methylenetetrahydrolate reductase, an enzyme that catalyzes the conversion of 5,10-methylenetetrahydrofolate to 5-methyltetrahydrofolate, which is the methyl donor in the conversion of homocysteine to methionine.  Defects in MTHFR lead to homocysteinuria.	05057914	ENSG00000177000	High	2019-05-17	Ed Mountjoy	ProGeM	Eric Fauman	metabolite|mQTL	A	G	1	11856378	1	11796321	rs1801133	HMDB0000742	Homocysteine levels	Homocysteine
EUR	GCST002087	8.699	23824729	expert curated	High	Eric Fauman	MMACHC encodes a cobalamin-binding protein.  Defects in MMACHC are a known cause of homocystinuria.	16311595	ENSG00000132763	High	2019-05-17	Ed Mountjoy	ProGeM	Eric Fauman	metabolite|mQTL	C	T	1	45978675	1	45513003	rs4660306	HMDB0000742	Homocysteine levels	Homocysteine
EUR	GCST002087	9.699	23824729	expert curated	High	Eric Fauman	MTR encodes 5-methyltetrahydrofolate-homocysteine methyltransferase.  The enzyme acts on homocysteine to produce methionine	02407589	ENSG00000116984	High	2019-05-17	Ed Mountjoy	ProGeM	Eric Fauman	metabolite|mQTL	T	G	1	237048676	1	236885376	rs2275565	HMDB0000742	Homocysteine levels	Homocysteine
EUR	GCST002087	9.699	23824729	expert curated	High	Eric Fauman	MUT is a cobalamin-dependent enzyme.  Cobalamin is also needed in a reaction taking the homocysteine as a substrate	07901104	ENSG00000146085	High	2019-05-17	Ed Mountjoy	ProGeM	Eric Fauman	metabolite|mQTL	A	G	6	49382193	6	49414480	rs9369898	HMDB0000742	Homocysteine levels	Homocysteine
EUR	GCST002087	19.699	23824729	expert curated	High	Eric Fauman	FOLH1B encodes a liver-enriched polyglutamylfolate hydrolase which will influence folate availability for the conversion of homocysteine to methionine	09816319	ENSG00000134612	High	2019-05-17	Ed Mountjoy	ProGeM	Eric Fauman	metabolite|mQTL	T	C	11	89148372	11	89415204	rs7130284	HMDB0000742	Homocysteine levels	Homocysteine
EUR	GCST002087	42.699	23824729	expert curated	High	Eric Fauman	DPEP1 encodes a dipeptidase that acts on glutathione, which is a downstream product of homocysteine metabolism. Glutathione and homocysteine levels have been shown to be negatively correlated.	06122685	ENSG00000015413	High	2019-05-17	Ed Mountjoy	ProGeM	Eric Fauman	metabolite|mQTL	A	G	16	89708096	16	89641688	rs154657	HMDB0000742	Homocysteine levels	Homocysteine
EUR	GCST002196	45.0	24047826	expert curated	High	Eric Fauman	GATM encodes glycine amidinotransferase.  This enzyme produces the Homoarginine when using lysine as a substrate.	23010440	ENSG00000171766	High	2019-05-17	Ed Mountjoy	ProGeM	Eric Fauman	metabolite|mQTL	T	C	15	45652703	15	45360505	rs1153858	HMDB0000670	Homoarginine levels	Homo-L-arginine
EAS	GCST002195	30.155	24049095	expert curated	High	Eric Fauman	CYP19A1 encodes aromatase which produces estradiol (the measured analyte) from testosterone.	04153532	ENSG00000137869	High	2019-05-17	Ed Mountjoy	ProGeM	Eric Fauman	metabolite|mQTL	G	A	15	51524292	15	51232095	rs2414095	HMDB0000151	Hormone measurements (Oestradiol)	Estradiol
EUR	GCST002201	10.097	24068962	expert curated	High	Eric Fauman	TRPM8 encodes a calcium-permeable channel activated by menthol and cold.	11882888	ENSG00000144481	High	2019-05-17	Ed Mountjoy	ProGeM	Eric Fauman	metabolite|mQTL	G	C	2	234264848	2	233356202	rs1550532	HMDB0000464	Calcium levels	Calcium
EUR	GCST002201	85.046	24068962	expert curated	High	Eric Fauman	CASR encodes the calcium sensing receptor, a GPCR which binds calcium and regulates parathyroid hormone secretion which in turn regulates circulating levels of calcium.	11013439	ENSG00000036828	High	2019-05-17	Ed Mountjoy	ProGeM	Eric Fauman	metabolite|mQTL	T	G	3	122003757	3	122284910	rs1801725	HMDB0000464	Calcium levels	Calcium
EUR	GCST002201	8.097	24068962	expert curated	High	Eric Fauman	GUSB encodes a glucuronidase which induces the opening of the calcium-specific kidney-specific channel, TRPV5.	18495742	ENSG00000169919	High	2019-05-17	Ed Mountjoy	ProGeM	Eric Fauman	metabolite|mQTL	T	C	7	65271197	7	65806210	rs17711722	HMDB0000464	Calcium levels	Calcium
EUR	GCST002201	11.046	24068962	expert curated	High	Eric Fauman	CYP24A1 encodes the 1,25-dihydroxyvitamin D(3) 24-hydroxylase which produces the biologically active form of vitamin D, which regulates calcium levels.	09333115	ENSG00000019186	High	2019-05-17	Ed Mountjoy	ProGeM	Eric Fauman	metabolite|mQTL	G	A	20	52774427	20	54157888	rs1570669	HMDB0000464	Calcium levels	Calcium
AFR|EAS|EUR|SAS	GCST002221	27.153	24097068	expert curated	High	Eric Fauman	IRF2BP2 encodes a protein which binds to the interferon regulatory factor 2 transcription factor.  This transcription factor is essential for the activation of the ABCA1 cholesterol transporter.	26195219	ENSG00000168264	High	2019-05-17	Ed Mountjoy	ProGeM	Eric Fauman	metabolite|mQTL	G	A	1	234853406	1	234717659	rs558971	HMDB0000067	Total Cholesterol	Cholesterol
EUR	GCST002221	11.398	24097068	expert curated	High	Eric Fauman	ABCB11 encodes a transporter for taurocholate, a bile acid derived from cholesterol	01862084	ENSG00000073734	High	2019-05-17	Ed Mountjoy	ProGeM	Eric Fauman	metabolite|mQTL	A	G	2	169830155	2	168973645	rs2287623	HMDB0000067	Cholesterol, total	Cholesterol
AFR|EAS|EUR|SAS	GCST002221	16.075	24097068	expert curated	High	Eric Fauman	PPARG encodes a transcription factor that upreguates ABCA1 among other proteins involved in lipid metabolism.	11135616	ENSG00000132170	High	2019-05-17	Ed Mountjoy	ProGeM	Eric Fauman	metabolite|mQTL	G	A	3	12267648	3	12226148	rs7616006	HMDB0000067	Total Cholesterol	Cholesterol
AFR|EAS|EUR|SAS	GCST002221	16.141	24097068	expert curated	High	Eric Fauman	LPA encodes the lipoprotein(a) protein, a constituent of the lipoprotein(a) particle, a carrier of cholesterol.	24977982	ENSG00000198670	High	2019-05-17	Ed Mountjoy	ProGeM	Eric Fauman	metabolite|mQTL	G	A	6	161010118	6	160589086	rs10455872	HMDB0000067	Total Cholesterol	Cholesterol
AFR|EAS|EUR|SAS	GCST002221	22.952	24097068	expert curated|expert curated	High|High	Eric Fauman|Eric Fauman	CYP7A1 encodes a cytochrome P450 which is the rate limiting step in the conversion of cholesterol to bile acids.  CYP7A1 deficiency results in excess cholesterol.|CYP7A1 encodes a cytochrome P450 which is the rate limiting step in the conversion of cholesterol to bile acids.  CYP7A1 deficiency results in excess cholesterol.	02993784|12093894	ENSG00000167910	High	2019-05-17	Ed Mountjoy	ProGeM	Eric Fauman	metabolite|mQTL	G	A	8	59393273	8	58480714	rs4738684	HMDB0000067	Total Cholesterol	Cholesterol
AFR|EAS|EUR|SAS	GCST002221	9.176	24097068	expert curated	High	Eric Fauman	VLDLR encodes the very low density lipoprotein receptor 	08294473	ENSG00000147852	High	2019-05-17	Ed Mountjoy	ProGeM	Eric Fauman	metabolite|mQTL	G	A	9	2640759	9	2640759	rs3780181	HMDB0000067	Total Cholesterol	Cholesterol
AFR|EAS|EUR|SAS	GCST002221	8.006	24097068	expert curated	High	Eric Fauman	PPARA encodes a transcription factor which regulates expression of HDL apolipoproteins	09808609	ENSG00000186951	High	2019-05-17	Ed Mountjoy	ProGeM	Eric Fauman	metabolite|mQTL	T	C	22	46627603	22	46231706	rs4253772	HMDB0000067	Total Cholesterol	Cholesterol
AFR|EAS|EUR|SAS	GCST002223	7.744	24097068	expert curated	High	Eric Fauman	NAXE (formerly APOA1BP) encodes an APOA1 binding protein which promotes cholesterol efflux into high density lipoprotein (HDL) particles.	23719382	ENSG00000163382	High	2019-05-17	Ed Mountjoy	ProGeM	Eric Fauman	metabolite|mQTL	G	T	1	156700651	1	156730859	rs12145743	EFO_0004612	HDL Cholesterol	high density lipoprotein cholesterol measurement
AFR|EAS|EUR|SAS	GCST002223	40.454	24097068	expert curated	High	Eric Fauman	GALNT2 encodes an acetylgalactosaminyltransferase which glycosylates the APOC3 protein, which in turn inhibits the lipoprotein lipase (LPL) enzyme which hydrolyzes triglycerides from triglyceride-containing lipoproteins, leading to the generation of HDL	22152306	ENSG00000143641	High	2019-05-17	Ed Mountjoy	ProGeM	Eric Fauman	metabolite|mQTL	A	G	1	230295691	1	230159944	rs4846914	EFO_0004612	HDL Cholesterol	high density lipoprotein cholesterol measurement
AFR|EAS|EUR|SAS	GCST002223	8.663	24097068	expert curated	High	Eric Fauman	GPIHBP1 encodes the glycosylphosphatidylinositol-anchored high density lipoprotein-binding protein 1, a receptor for the HDL.	12496272	ENSG00000182851	High	2019-05-17	Ed Mountjoy	ProGeM	Eric Fauman	metabolite|mQTL	A	G	8	144303418	8	143221248	rs10087900	EFO_0004612	HDL Cholesterol	high density lipoprotein cholesterol measurement
AFR|EAS|EUR|SAS	GCST002223	64.825	24097068	expert curated	High	Eric Fauman	ABCA1 encodes a cholesterol transporter.  Deficiency results in reduced HDL.	10431237	ENSG00000165029	High	2019-05-17	Ed Mountjoy	ProGeM	Eric Fauman	metabolite|mQTL	T	C	9	107664301	9	104902020	rs1883025	EFO_0004612	HDL Cholesterol	high density lipoprotein cholesterol measurement
AFR|EAS|EUR|SAS	GCST002223	37.481	24097068	expert curated	High	Eric Fauman	NR1H3 encodes the LXR-alpha nuclear hormone receptor.  This transcription factor upreguates ABCA1, a cholesterol transporter with a direct impact on HDL levels.	11090131	ENSG00000025434	High	2019-05-17	Ed Mountjoy	ProGeM	Eric Fauman	metabolite|mQTL	A	C	11	47333685	11	47312134	rs3847502	EFO_0004612	HDL Cholesterol	high density lipoprotein cholesterol measurement
AFR|EAS|EUR|SAS	GCST002223	7.951	24097068	expert curated	High	Eric Fauman	DGAT2 encodes a diacylglycerol O-acyltransferase which produces triglycerides from diaglycerides.	11481335	ENSG00000062282	High	2019-05-17	Ed Mountjoy	ProGeM	Eric Fauman	metabolite|mQTL	A	C	11	75455021	11	75743976	rs499974	EFO_0004612	HDL Cholesterol	high density lipoprotein cholesterol measurement
AFR|EAS|EUR|SAS	GCST002223	19.604	24097068	expert curated	High	Eric Fauman	MVK encodes mevalonate kinase which synthesizes a precursor to cholesterol.	02153681	ENSG00000110921	High	2019-05-17	Ed Mountjoy	ProGeM	Eric Fauman	metabolite|mQTL	G	A	12	109950144	12	109512339	rs2241210	EFO_0004612	HDL Cholesterol	high density lipoprotein cholesterol measurement
AFR|EAS|EUR|SAS	GCST002223	32.135	24097068	expert curated	High	Eric Fauman	SCARB1 encodes a scavanger receptor which can act as an HDL receptor.	08560269	ENSG00000073060	High	2019-05-17	Ed Mountjoy	ProGeM	Eric Fauman	metabolite|mQTL	G	A	12	125259888	12	124775342	rs838876	EFO_0004612	HDL Cholesterol	high density lipoprotein cholesterol measurement
AFR|EAS|EUR|SAS	GCST002223	8.019	24097068	expert curated	High	Eric Fauman	AKT1 encodes a protein kinase which activates SREBP which induces transcription of enzymes involved in cholesterol biosynthesis.	16007182	ENSG00000142208	High	2019-05-17	Ed Mountjoy	ProGeM	Eric Fauman	metabolite|mQTL	A	G	14	105277209	14	104810872	rs4983559	EFO_0004612	HDL Cholesterol	high density lipoprotein cholesterol measurement
EUR	GCST002223	188.0	24097068	expert curated	High	Eric Fauman	LIPC encodes hepatic triglyceride lipase which hydrolyses triglycerides.  The enzyme plays a key role in regulating levels of HDL.	07417375	ENSG00000166035	High	2019-05-17	Ed Mountjoy	ProGeM	Eric Fauman	metabolite|mQTL	G	A	15	58683366	15	58391167	rs1532085	EFO_0004612	HDL cholesterol	high density lipoprotein cholesterol measurement
AFR|EAS|EUR|SAS	GCST002223	801.939	24097068	expert curated	High	Eric Fauman	CETP encodes the cholesterol ester transfer protein which acts on high density lipoprotein (HDL).  Deficiency of this enzyme results in increased HDL. 	02586614	ENSG00000087237	High	2019-05-17	Ed Mountjoy	ProGeM	Eric Fauman	metabolite|mQTL	T	C	16	56989590	16	56955678	rs247616	EFO_0004612	HDL Cholesterol	high density lipoprotein cholesterol measurement
EUR	GCST002223	53.097	24097068	expert curated	High	Eric Fauman	LCAT encodes lecithin-cholesterol acyltransferase which travels with HDL, esterifying cholesterol to cholesterol ester for incorporation into the HDL particles for transport back to the liver.	04868699	ENSG00000213398	High	2019-05-17	Ed Mountjoy	ProGeM	Eric Fauman	metabolite|mQTL	A	G	16	67928042	16	67894139	rs16942887	EFO_0004612	HDL cholesterol	high density lipoprotein cholesterol measurement
AFR|EAS|EUR|SAS	GCST002223	19.264	24097068	expert curated	High	Eric Fauman	STARD3 encodes the StAR-related lipid transfer protein 3 which promotes export of cholesterol to HDL	25014273	ENSG00000131748	High	2019-05-17	Ed Mountjoy	ProGeM	Eric Fauman	metabolite|mQTL	GT	G	17	37821435	17	39665182	rs113612868	EFO_0004612	HDL Cholesterol	high density lipoprotein cholesterol measurement
AFR|EAS|EUR|SAS	GCST002223	65.746	24097068	expert curated	High	Eric Fauman	LIPG encodes endothelial lipase which acts on HDL.  Inhibition of endothelial lipase causes increased HDL cholesterol levels in vivo	12569161	ENSG00000101670	High	2019-05-17	Ed Mountjoy	ProGeM	Eric Fauman	metabolite|mQTL	C	T	18	47167214	18	49640844	rs4939883	EFO_0004612	HDL Cholesterol	high density lipoprotein cholesterol measurement
AFR|EAS|EUR|SAS	GCST002223	33.785	24097068	expert curated	High	Eric Fauman	HNF4A drives expression of many cholesterol related genes including HMGCR	21071704	ENSG00000101076	High	2019-05-17	Ed Mountjoy	ProGeM	Eric Fauman	metabolite|mQTL	T	C	20	43042364	20	44413724	rs1800961	EFO_0004612	HDL Cholesterol	high density lipoprotein cholesterol measurement
AFR|EAS|EUR|SAS	GCST002222	16.519	24097068	expert curated	High	Eric Fauman	LDLRAP1 encodes an adapter protein which binds to the LDL receptor.  Mutations in this gene cause a form of familial hypercholesterolemia.	15166224	ENSG00000157978	High	2019-05-17	Ed Mountjoy	ProGeM	Eric Fauman	metabolite|mQTL	G	A	1	25768937	1	25442446	rs10903129	EFO_0004611	LDL Cholesterol	low density lipoprotein cholesterol measurement
AFR|EAS|EUR|SAS	GCST002222	142.067	24097068	expert curated	High	Eric Fauman	PCSK9 encodes a protein that binds to the LDLR receptor, promoting its degradation and thus influencing circulating LDL cholesterol levels.  Rare gain of function mutations result in greatly elevated LDL cholesterol levels.	12730697	ENSG00000169174	High	2019-05-17	Ed Mountjoy	ProGeM	Eric Fauman	metabolite|mQTL	T	G	1	55505647	1	55039974	rs11591147	EFO_0004611	LDL Cholesterol	low density lipoprotein cholesterol measurement
AFR|EAS|EUR|SAS	GCST002222	271.788	24097068	expert curated	High	Eric Fauman	SORT1 encodes sortilin, a receptor with a role in VLDL secretion from the liver	20686566	ENSG00000134243	High	2019-05-17	Ed Mountjoy	ProGeM	Eric Fauman	metabolite|mQTL	T	C	1	109818530	1	109275908	rs646776	EFO_0004611	LDL Cholesterol	low density lipoprotein cholesterol measurement
AFR|EAS|EUR|SAS	GCST002222	182.023	24097068	expert curated	High	Eric Fauman	APOB encodes apolipoprotein B, a major component of LDL particles.  Defects in APOB can lead to familial hypercholesterolemia.	00052771	ENSG00000084674	High	2019-05-17	Ed Mountjoy	ProGeM	Eric Fauman	metabolite|mQTL	A	G	2	21263900	2	21041028	rs1367117	EFO_0004611	LDL Cholesterol	low density lipoprotein cholesterol measurement
AFR|EAS|EUR|SAS	GCST002222	11.77	24097068	expert curated	High	Eric Fauman	INSIG2 encodes a protein that plays a key role in regulating the SREBP cleavage-activating protein (SCAP), thus providing a means for feedback regulation of cholesterol synthesis over a wide range of sterol concentrations.	12242332	ENSG00000125629	High	2019-05-17	Ed Mountjoy	ProGeM	Eric Fauman	metabolite|mQTL	A	G	2	118835841	2	118078265	rs10490626	EFO_0004611	LDL Cholesterol	low density lipoprotein cholesterol measurement
AFR|EAS|EUR|SAS	GCST002222	77.108	24097068	expert curated	High	Eric Fauman	HMGCR encodes HMG-CoA reductase, the rate-limiting enzyme for cholesterol biosynthesis	01967820	ENSG00000113161	High	2019-05-17	Ed Mountjoy	ProGeM	Eric Fauman	metabolite|mQTL	C	T	5	74656539	5	75360714	rs12916	EFO_0004611	LDL Cholesterol	low density lipoprotein cholesterol measurement
AFR|EAS|EUR|SAS	GCST002222	16.68	24097068	expert curated	High	Eric Fauman	MYLIP encodes an E3 ubiquitin ligase which ubiquitinates the low density lipoprotein receptor (LDLR), which promotes the degradation of LDLR, influencing the circulating levels of LDL-cholesterol.	19520913	ENSG00000007944	High	2019-05-17	Ed Mountjoy	ProGeM	Eric Fauman	metabolite|mQTL	T	C	6	16127407	6	16127176	rs3757354	EFO_0004611	LDL Cholesterol	low density lipoprotein cholesterol measurement
AFR|EAS|EUR|SAS	GCST002222	20.716	24097068	expert curated	High	Eric Fauman	NPC1L1 encodes a transporter for cholesterol in the intestine.	14976318	ENSG00000015520	High	2019-05-17	Ed Mountjoy	ProGeM	Eric Fauman	metabolite|mQTL	G	A	7	44582331	7	44542732	rs2073547	EFO_0004611	LDL Cholesterol	low density lipoprotein cholesterol measurement
EUR	GCST002222	40.398	24097068	expert curated	High	Eric Fauman	HP encodes haptoglobin which binds to ApoA-I, the primary protein component of HDL.	23420675	ENSG00000257017	High	2019-05-17	Ed Mountjoy	ProGeM	Eric Fauman	metabolite|mQTL	A	G	16	72108093	16	72074194	rs2000999	EFO_0004611	LDL cholesterol	low density lipoprotein cholesterol measurement
AFR|EAS|EUR|SAS	GCST002222	11.008	24097068	expert curated	High	Eric Fauman	ApoH increases the enzymic activity of lipoprotein lipase (LPL) in the presence of apoC-II by 45.7 percent [ 7417307].  a small molecule inhibitor of PKC alpha, HBDDE, show minimal inhibition of cholesterol accumulation while a small molecule inhibitor of PKC beta, LY333513, could completely account for the inhibition of cholesterol accumulation by the classical group PKC isoenzyme [16930534]	07417307	ENSG00000091583	High	2019-05-17	Ed Mountjoy	ProGeM	Eric Fauman	metabolite|mQTL	C	A	17	64210580	17	66214462	rs1801689	EFO_0004611	LDL Cholesterol	low density lipoprotein cholesterol measurement
AFR|EAS|EUR|SAS	GCST002222	261.415	24097068	expert curated	High	Eric Fauman	LDLR encodes the LDL receptor.	00226968	ENSG00000130164	High	2019-05-17	Ed Mountjoy	ProGeM	Eric Fauman	metabolite|mQTL	T	G	19	11202306	19	11091630	rs6511720	EFO_0004611	LDL Cholesterol	low density lipoprotein cholesterol measurement
Caucasian	GCST002219	81.456	24097068	expert curated	High	Eric Fauman	ANGPTL3 encodes a protein that regulates triglyceride clearance by reducing the activity of lipoprotein lipase (LPL).	22063269	ENSG00000132855	High	2019-05-17	Ed Mountjoy	ProGeM	Eric Fauman	metabolite|mQTL	A	G	1	63133930	1	62668259	rs4587594	EFO_0004530	Triglycerides	triglyceride measurement
Caucasian	GCST002219	11.795	24097068	expert curated	High	Eric Fauman	LRPAP1 encodes a protein which binds the LDL-receptor-related protein and the VLDL receptor affecting distribution of lipoprotein particles.	07538675	ENSG00000163956	High	2019-05-17	Ed Mountjoy	ProGeM	Eric Fauman	metabolite|mQTL	G	A	4	3473139	4	3471412	rs6831256	EFO_0004530	Triglycerides	triglyceride measurement
Caucasian	GCST002219	7.676	24097068	expert curated	High	Eric Fauman	CAV1 encodes caveolin-1, a scaffolding protein.  Very rare CAV1 frameshift mutations appear to be associated with atypical lipodystrophy and hypertriglyceridemia.	18237401	ENSG00000105974	High	2019-05-17	Ed Mountjoy	ProGeM	Eric Fauman	metabolite|mQTL	G	A	7	116358044	7	116717990	rs38855	EFO_0004530	Triglycerides	triglyceride measurement
Caucasian	GCST002219	198.74	24097068	expert curated	High	Eric Fauman	LPL encodes the lipoprotein lipase which hydrolyzes triglycerides.  LPL deficiency results in accumulation of triglycerides.	13712364	ENSG00000175445	High	2019-05-17	Ed Mountjoy	ProGeM	Eric Fauman	metabolite|mQTL	G	A	8	19844222	8	19986711	rs12678919	EFO_0004530	Triglycerides	triglyceride measurement
Caucasian	GCST002219	112.652	24097068	expert curated	High	Eric Fauman	TRIB1 regulates hepatic lipogenesis.	26517927	ENSG00000173334	High	2019-05-17	Ed Mountjoy	ProGeM	Eric Fauman	metabolite|mQTL	A	C	8	126482621	8	125470379	rs2954022	EFO_0004530	Triglycerides	triglyceride measurement
EUR	GCST002242	40.0	24159190	expert curated	High	Eric Fauman	DDAH1 encodes dimethylarginine dimethylaminohydrolase which acts directly on dimethylarginine.	07608105	ENSG00000153904	High	2019-05-17	Ed Mountjoy	ProGeM	Eric Fauman	metabolite|mQTL	G	A	1	85797110	1	85331427	rs28489187	HMDB0001539	Serum dimethylarginine levels (asymmetric)	Asymmetric dimethylarginine
EUR		36.538	24507774	expert curated	High	Eric Fauman	ANGPTL4 regulates TG clearance by reducing the activity of LPL	16081640	ENSG00000167772	High	2019-05-17	Ed Mountjoy	ProGeM	Eric Fauman	metabolite|mQTL	A	G	19	8429323	19	8364439	rs116843064	EFO_0004530	Triglycerides	triglyceride measurement
EUR	GCST002549	15.699	24528284	expert curated	High	Eric Fauman	CYP2C19 encodes a cytochrome P450 which acts on xenobiotics including the selective serotonin reuptake inhibitor citalopram.	08451774	ENSG00000165841	High	2019-05-17	Ed Mountjoy	ProGeM	Eric Fauman	metabolite|mQTL	A	G	10	96681846	10	94922089	rs1074145	HMDB0060576|HMDB0005038	Response to serotonin reuptake inhibitors in major depressive disorder (plasma drug and metabolite levels) (S-DCT/S-CT ratio)	Desmethylcitalopram / Citalopram
EUR	GCST002549	15.699	24528284	expert curated	High	Eric Fauman	CYP2D6 encodes a cytochrome P450 which acts on many xenobiotics including the conversion of desmethylcitalopram to didesmethylcitalopram (DDCT)	08451774	ENSG00000100197	High	2019-05-17	Ed Mountjoy	ProGeM	Eric Fauman	metabolite|mQTL	A	G	22	42526694	22	42130692	rs1065852	HMDB0060472	Response to serotonin reuptake inhibitors in major depressive disorder (plasma drug and metabolite levels) (S-DDCT concentration)	Didemethylcitalopram
AMR|EUR	GCST002364	35.523	24586186	expert curated	High	Eric Fauman	FUT2 encodes a galactoside 2-alpha-L-fucosyltransferase, which adds fucose moeities to various proteins.	07876235	ENSG00000176920	High	2019-05-17	Ed Mountjoy	ProGeM	Eric Fauman	metabolite|mQTL	C	T	19	49228272	19	48725015	rs2287921	HMDB0000174	Urinary metabolites (H-NMR features) (5.2125, Fucose)	L-Fucose
AMR|EUR	GCST002364	33.0	24586186	expert curated	High	Eric Fauman	SLC7A9 encodes an amino acid transporter which can transport a range of amino acids including lysine	24107421	ENSG00000021488	High	2019-05-17	Ed Mountjoy	ProGeM	Eric Fauman	metabolite|mQTL	T	C	19	33364628	19	32873722	rs8101881	HMDB0000182	Urinary metabolites (H-NMR features) (1.7325, Lysine)	L-Lysine
ASW	GCST002388	15.046	24625756	expert curated	High	Eric Fauman	ACY3 encodes an aminoacylase which preferentially deacetylates N-acetylaromatic amino acids including N-acetyl-L-phenylalanine.	14656720	ENSG00000132744	High	2019-05-17	Ed Mountjoy	ProGeM	Eric Fauman	metabolite|mQTL	C	T	11	67421341	11	67653870	rs12288023	HMDB0000512	Serum metabolite levels (N-acetylphenylalanine)	N-Acetyl-L-phenylalanine
ASW	GCST002388	29.523	24625756	expert curated	High	Eric Fauman	TREH encodes trehalase which hydrolyses the disaccharide trehalose.	09427547	ENSG00000118094	High	2019-05-17	Ed Mountjoy	ProGeM	Eric Fauman	metabolite|mQTL	A	G	11	118549582	11	118678873	rs507080	HMDB0000975	Serum metabolite levels (Trehalose)	Trehalose
AFR|EUR	GCST002391	12.155	24651765	expert curated	High	Eric Fauman	ALDH1L1 encodes a multifunctional enzyme which includes 10-formyltetrahydrofolate dehydrogenase activity.  The gene thus plays a key role in one carbon metabolism.	07702556	ENSG00000144908	High	2019-05-17	Ed Mountjoy	ProGeM	Eric Fauman	metabolite|mQTL	A	G	3	125906179	3	126187336	rs10934753	HMDB0000742	Plasma homocysteine levels (post-methionine load test)	Homocysteine
AFR|EUR	GCST002391	62.699	24651765	expert curated	High	Eric Fauman	GNMT encodes an enzyme which produces S-adenosylhomocysteine.  S-adenosylhomocysteine can be converted to homocysteine by the enzyme S-adenosylhomocysteine hydrolase	10843803	ENSG00000124713	High	2019-05-17	Ed Mountjoy	ProGeM	Eric Fauman	metabolite|mQTL	C	T	6	42925803	6	42958065	rs9296404	HMDB0000742	Plasma homocysteine levels (post-methionine load test)	Homocysteine
AFR|EUR	GCST002391	25.523	24651765	expert curated	High	Eric Fauman	CBS encodes the cystathionine beta-synthase which acts on homocysteine to produce cystathionine	16545978	ENSG00000160200	High	2019-05-17	Ed Mountjoy	ProGeM	Eric Fauman	metabolite|mQTL	C	T	21	44488033	21	43067923	rs234714	HMDB0000742	Plasma homocysteine levels (post-methionine load test)	Homocysteine
EUR	GCST002443	11.0	24816252	expert curated	High	Eric Fauman	ADHFE1 encodes the hydroxyacid-oxoacid transhydrogenase which catalyzes the oxidation of 4-hydroxybutanoic acid to 4-oxobutanoic acid, while reducing 2-oxoglutarate to 2-hydroxyglutarate.	16616524	ENSG00000147576	High	2019-05-17	Ed Mountjoy	ProGeM	Eric Fauman	metabolite|mQTL	T	C	8	67360725	8	66448490	rs1030420	HMDB0000337	Blood metabolite levels (X-04499--3,4-dihydroxybutyrate)	(S)-3,4-Dihydroxybutyric acid
EUR	GCST002443	25.222	24816252	expert curated	High	Eric Fauman	F12 encodes coagulation factor XII, a protease which activates kallikrein which releases bradykinin from kininogen.	03521732	ENSG00000131187	High	2019-05-17	Ed Mountjoy	ProGeM	Eric Fauman	metabolite|mQTL	C	T	5	176842474	5	177415473	rs2731672	HMDB0004246	Blood metabolite ratios (X-12038/bradykinin, des-arg(9))	/ Bradykinin
EUR	GCST002443	60.0	24816252	expert curated	High	Eric Fauman	NAT2 encodes an N-acetyltransferase which can produce methylxanthine as a downstream metabolite of caffeine.	10744128	ENSG00000156006	High	2019-05-17	Ed Mountjoy	ProGeM	Eric Fauman	metabolite|mQTL	T	C	8	18272438	8	18414928	rs4921914	HMDB0010738	Blood metabolite levels (1-methylxanthine)	1-methylxanthine
EUR	GCST002443	22.699	24816252	expert curated|expert curated	High|High	Eric Fauman|Eric Fauman	ALOX12 encodes arachidonate 12-lipoxygenase, which catalyzes the regio-selective addition of oxygen into arachidonic acid, generating 12R-hydroperoxyeicosatetraenoic acid (12R-HPETE).  12R-HPETE is rapidly reduced to the corresponding 12S-hydroxy compound, 12-HETE.|ALOX12 encodes arachidonate 12-lipoxygenase, which catalyzes the regio-selective addition of oxygen into arachidonic acid, generating 12R-hydroperoxyeicosatetraenoic acid (12R-HPETE).  12R-HPETE is rapidly reduced to the corresponding 12S-hydroxy compound, 12-HETE.	04215079|02377602	ENSG00000108839	High	2019-05-17	Ed Mountjoy	ProGeM	Eric Fauman	metabolite|mQTL	G	C	17	6915401	17	7012082	rs2271316	HMDB0006111	Blood metabolite levels (X-12441--12-hydroxyeicosatetraenoate (12-HETE))	12-HETE
EUR	GCST002443	7.77	24816252	expert curated	High	Eric Fauman	PEMT encodes the phosphatidylethanolamine N-methyltransferase which converts phosphatidylethanolamine to phosphatidylcholine.	09370326	ENSG00000133027	High	2019-05-17	Ed Mountjoy	ProGeM	Eric Fauman	metabolite|mQTL	G	T	17	17422768	17	17519454	rs748196	HMDB0061699	1-arachidonoylglycerophosphocholine - M33228	2-Arachidonoylglycerophosphocholine
EUR	GCST002443	11.751	24816252	expert curated	High	Eric Fauman	HAO2 encodes a 2-hydroxyacid oxidase which catalyzes the oxidation of L-alpha-hydroxy acids; alpha-hydroxyisovalerate or a related metabolite may be a potential substrate	10777549	ENSG00000116882	High	2019-05-17	Ed Mountjoy	ProGeM	Eric Fauman	metabolite|mQTL	C	T	1	119952776	1	119410153	rs12141041	HMDB0000407	alpha-hydroxyisovalerate - M33937	2-Hydroxy-3-methylbutyric acid
EUR	GCST002443	30.0	24816252	expert curated	High	Eric Fauman	LDHA encodes lactate dehydrogenase.  In addition to producing pyruvate from lactate, this enzyme can produce the observed metabolite from the keto acid 3-methyl-2-oxobutanoate	26014429	ENSG00000134333	High	2019-05-17	Ed Mountjoy	ProGeM	Eric Fauman	metabolite|mQTL	T	C	11	18325146	11	18303599	rs2403254	HMDB0000407	Blood metabolite levels (alpha-hydroxyisovalerate)	2-Hydroxy-3-methylbutyric acid
EUR	GCST002443	10.155	24816252	expert curated	High	Eric Fauman	IDO1 and IDO2 encode the two indoleamine 2,3-dioxygenase isozymes.  Both enzymes take tryptophan and tryptophan-related metabolites as substrates, but IDO1 is more active [18282734].  IDO1 has known activity against 5-hydroxy-tryptophan [10833386].  Common polymorphisms in IDO2 ablate activity but have no effect on this endpoint [17671174]	10833386	ENSG00000131203	High	2019-05-17	Ed Mountjoy	ProGeM	Eric Fauman	metabolite|mQTL	T	A	8	39823145	8	39965626	rs2160860	HMDB0000472	Blood metabolite levels (X-12100--hydroxytryptophan)	5-Hydroxy-L-tryptophan
EUR	GCST002443	10.699	24816252	expert curated	High	Eric Fauman	UGT3A1 encodes a UDP glycosyltransferase.  This enzyme has demonstrated activity against the bile acid ursodeoxycholic acid.  The metabolite detected here is structurally related to the bile acids.	18981171	ENSG00000145626	High	2019-05-17	Ed Mountjoy	ProGeM	Eric Fauman	metabolite|mQTL	A	C	5	35968000	5	35967898	rs10491431	HMDB0094650	Blood metabolite levels (X-11445--5-alpha-pregnan-3beta,20alpha-disulfate)	5alpha-pregnan-3beta,20alpha-diol disulfate
EUR	GCST002443	37.398	24816252	expert curated	High	Eric Fauman	ECI2 encodes the enoyl-CoA delta isomerase 2, which is known to act on octenoyl-CoA and could possibly act on decenoyl-CoA as well.	10419495	ENSG00000198721	High	2019-05-17	Ed Mountjoy	ProGeM	Eric Fauman	metabolite|mQTL	C	T	6	4146198	6	4145964	rs9392556	HMDB0013205	Blood metabolite levels (X-13435, a 10:1 acylcarnitine)	9-Decenoylcarnitine
EUR	GCST002443	20.097	24816252	expert curated	High	Eric Fauman	GADL1 encodes the glutamate decarboxylase-like protein 1 which produces beta-alanine, a component of the dipeptide carnosine	23038267	ENSG00000144644	High	2019-05-17	Ed Mountjoy	ProGeM	Eric Fauman	metabolite|mQTL	G	A	3	30753573	3	30712081	rs6804368	HMDB0012881	Blood metabolite levels (X-12244--N-acetylcarnosine)	Acetylcarnosine
EUR	GCST002443	37.523	24816252	expert curated	High	Eric Fauman	AKR1C4 encodes a 3 alpha-hydroxysteroid dehydrogenase (HSD) isoform, which is expressed in the liver and acts on androsterone.   The nearby paralogous gene AKR1C3 is expressed in prostate and mammary gland and the encoded enzyme does not act on androsterone. 	15026176	ENSG00000198610	High	2019-05-17	Ed Mountjoy	ProGeM	Eric Fauman	metabolite|mQTL	C	T	10	5256272	10	5214309	rs17134585	HMDB0002759|HMDB0062657	Blood metabolite ratios (androsterone sulfate/epiandrosterone sulfate)	Androsterone sulfate / Epiandrosterone Sulfate
EUR	GCST002443	360.699	24816252	expert curated	High	Eric Fauman	FADS1 encodes a delta-5 desaturase, which converts dihomo-linolenate (20:3n6) to arachidonate (20:4n6).	10601301	ENSG00000149485	High	2019-05-17	Ed Mountjoy	ProGeM	Eric Fauman	metabolite|mQTL	G	C	11	61571348	11	61803876	rs174548	HMDB0060102|HMDB0002925	Blood metabolite ratios (arachidonate (20:4n6)/dihomo-linolenate (20:3n3 or n6))	Arachidonate / 8,11,14-Eicosatrienoic acid
EUR	GCST002443	28.699	24816252	expert curated	High	Eric Fauman	MBOAT7 encodes a lysophosphatidylinositol acyltransferase that has specificity for arachidonoyl-CoA as an acyl donor. Arachidonate is readily converted to arachidonoyl-CoA. Thus the associated ratio is closely linked to the substrate/product pair for this enzyme. The associated ratio is closely linked to the substrate/product pair for this enzyme.	18094042	ENSG00000125505	High	2019-05-17	Ed Mountjoy	ProGeM	Eric Fauman	metabolite|mQTL	T	C	19	54676433	19	54172738	rs2576452	HMDB0060102|HMDB0061690	Blood metabolite ratios (arachidonate (20:4n6)/1-arachidonoylglycerophosphoinositol)	Arachidonate|1-Arachidonoylglycerophosphoinositol
EUR	GCST002443	37.0	24816252	expert curated	High	Eric Fauman	ACE encodes an angiotensin-converting enzyme.  This carboxypeptidase can generate aspartylphenylalanine from cholecystokinin-8.	02554881	ENSG00000159640	High	2019-05-17	Ed Mountjoy	ProGeM	Eric Fauman	metabolite|mQTL	A	G	17	61566031	17	63488670	rs4343	HMDB0000706	Blood metabolite ratios (aspartylphenylalanine/X-14450--phenylalanylleucine)	Aspartylphenylalanine / 
EUR	GCST002443	19.0	24816252	expert curated|expert curated	High|High	Eric Fauman|Eric Fauman	BHMT encodes a betaine-homocysteine methyltransferase which converts betaine to dimethylglycine.  Conversely, the homologous enzyme encoded by the nearby BHMT2 gene cannot use betaine.|BHMT encodes a betaine-homocysteine methyltransferase which converts betaine to dimethylglycine.  Conversely, the homologous enzyme encoded by the nearby BHMT2 gene cannot use betaine.	06746658|18230605	ENSG00000145692	High	2019-05-17	Ed Mountjoy	ProGeM	Eric Fauman	metabolite|mQTL	C	T	5	78346769	5	79050946	rs16876394	HMDB0000043	Blood metabolite levels (betaine)	Betaine
EUR	GCST002443	12.097	24816252	expert curated	High	Eric Fauman	SLC6A12 encodes a sodium- and chloride-dependent betaine transporter.	08198549	ENSG00000111181	High	2019-05-17	Ed Mountjoy	ProGeM	Eric Fauman	metabolite|mQTL	A	T	12	320920	12	211754	rs499368	HMDB0000043	Blood metabolite levels (betaine)	Betaine
EUR	GCST002443	12.222	24816252	expert curated	High	Eric Fauman	KNG1 includes the coding sequence for the bradykinin peptide.	02989293	ENSG00000113889	High	2019-05-17	Ed Mountjoy	ProGeM	Eric Fauman	metabolite|mQTL	C	A	3	186454180	3	186736391	rs5030062	HMDB0004246	Blood metabolite levels (bradykinin, des-arg(9))	Bradykinin
EUR	GCST002443	47.398	24816252	expert curated	High	Eric Fauman	KLKB1 encodes kallikrein, a serine protease which releases bradykinin from kininogen.	08662673	ENSG00000164344	High	2019-05-17	Ed Mountjoy	ProGeM	Eric Fauman	metabolite|mQTL	G	A	4	187174683	4	186253529	rs4253311	HMDB0004246	Blood metabolite levels (bradykinin, des-arg(9))	Bradykinin
EUR	GCST002443	629.523	24816252	expert curated	High	Eric Fauman	ACADS encodes the short chain acyl-CoA dehydrogenase which takes butyrl-CoA as a substrate.   Butyryl-CoA and butyrylcarnitine readily interconvert.  	03597357	ENSG00000122971	High	2019-05-17	Ed Mountjoy	ProGeM	Eric Fauman	metabolite|mQTL	G	A	12	121160615	12	120722812	rs2066938	HMDB0002013	Blood metabolite levels (butyrylcarnitine)	Butyrylcarnitine
EUR	GCST002443	7.657	24816252	expert curated	High	Eric Fauman	CFH encodes complement factor H which binds complement factor 3.  The detected analyte is a peptide fragment of complement factor 3.	06219696	ENSG00000000971	High	2019-05-17	Ed Mountjoy	ProGeM	Eric Fauman	metabolite|mQTL	A	G	1	196682346	1	196713216	rs7535263	EFO_0004983	HWESASXX - M32836	C3f, complement C3 derived peptide
EUR	GCST002443	11.752	24816252	expert curated|expert curated	High|High	Eric Fauman|Eric Fauman	ANPEP encodes Aminopeptidase N, which is a broad specificity aminopeptidase.  HWESASXX, a peptide derived from C3 complement is a possible substrate.|ANPEP encodes Aminopeptidase N, which is a broad specificity aminopeptidase.  HWESASXX, a peptide derived from C3 complement is a possible substrate.	07957888|09647737	ENSG00000166825	High	2019-05-17	Ed Mountjoy	ProGeM	Eric Fauman	metabolite|mQTL	A	G	15	90345335	15	89802104	rs2007084	EFO_0004983	HWESASXX - M32836	C3f, complement C3 derived peptide
EUR	GCST002443	10.097	24816252	expert curated	High	Eric Fauman	ALDH18A1 encodes delta-1-pyrroline-5-carboxylate synthetase which catalyzes a step in the de novo production of ornithine which is subsequently converted to citrulline.  Mutations in ALDH18A1 cause hypocitrullinemia.	11092761	ENSG00000059573	High	2019-05-17	Ed Mountjoy	ProGeM	Eric Fauman	metabolite|mQTL	C	T	10	97395962	10	95636205	rs56322409	HMDB0000904	Blood metabolite levels (citrulline)	Citrulline
EUR	GCST002443	44.0	24816252	expert curated	High	Eric Fauman	SRD5A2 encodes the type II steroid 5 alpha-reductase enzyme best known for converting testosterone to dihydrotestosterone.  The metabolites represented by the ratio detected here are also steroid molecules differing in reduction at carbon 5.  The enzyme has known activity against corticosterone.	07734398	ENSG00000049319	High	2019-05-17	Ed Mountjoy	ProGeM	Eric Fauman	metabolite|mQTL	A	T	2	31810974	2	31585905	rs559555	HMDB0010320	Blood metabolite ratios (X-11444/X-12844) (X-11444 is tentatively identified by Metabolon as urocortisol glucuronide or cortolone glucuronide and X-12844 is tentatively identified as tetrahydrocortisone glucuronide)	cortolone glucuronide
EUR	GCST002443	12.699	24816252	expert curated	High	Eric Fauman	GGT1 encodes gamma-glutamyltransferase 1 which catalyzes the transfer of the glutamyl moiety of glutathione to a number of different amino acids and can take the analyte reported here (the cysteine-glutathione mixed disulfide) as a substrate. 	06130452	ENSG00000100031	High	2019-05-17	Ed Mountjoy	ProGeM	Eric Fauman	metabolite|mQTL	T	C	22	25002081	22	24606114	rs2330809	HMDB0000656	Blood metabolite levels (cysteine-glutathione disulfide)	Cysteineglutathione disulfide
EUR	GCST002443	37.061	24816252	expert curated	High	Eric Fauman	ETFDH encodes a mitochondrial electron transfer flavoprotein dehydrogenase which is essential for electron transfer from the short-, medium- and long-chain acyl-CoA dehydrogenases.  Mutations in ETFDH lead to multiple acyl-CoA dehydrogenase deficiency, which is characterized by elevated short-, medium- and long-chain acyl carnitines.	17412732	ENSG00000171503	High	2019-05-17	Ed Mountjoy	ProGeM	Eric Fauman	metabolite|mQTL	C	T	4	159630817	4	158709665	rs8396	HMDB0000651	decanoylcarnitine - M33941	Decanoylcarnitine
EUR	GCST002443	11.699	24816252	expert curated	High	Eric Fauman	AKR1A1 encodes an aldehyde reductase which can catalyze the production of erythritol	04402936	ENSG00000117448	High	2019-05-17	Ed Mountjoy	ProGeM	Eric Fauman	metabolite|mQTL	A	G	1	46990681	1	46525009	rs7542172	HMDB0002994	Blood metabolite levels (erythritol)	erythritol
EUR	GCST002443	13.398	24816252	expert curated	High	Eric Fauman	SLC27A2 encodes a very-long-chain acyl-CoA synthetase which activates fatty acids by forming their coenzyme A derivatives.	10198260	ENSG00000140284	High	2019-05-17	Ed Mountjoy	ProGeM	Eric Fauman	metabolite|mQTL	T	C	15	50477138	15	50184941	rs1365505	HMDB0034286	Blood metabolite ratios (10-undecenoate (11:1n1)/X-11438)	Ethyl 10-undecenoate / 
EUR	GCST002443	36.046	24816252	expert curated	High	Eric Fauman	ABO encodes a glycosyltransferase that determines the blood group.  ABO blood group contributes to von Willebrand Factor levels perhaps by protecting it from susceptibility to ADAMTS13-mediated proteolysis.  As part of the coagulation cascade, von Willebrand Factor effects rates of fibrinogen cleavage.	17894864	ENSG00000175164	High	2019-05-17	Ed Mountjoy	ProGeM	Eric Fauman	metabolite|mQTL	T	C	9	136154304	9	133278860	rs649129	EFO_0004623	Blood metabolite ratios (ADSGEGDFXAEGGGVR/ADpSGEGDFXAEGGGVR)	Fibrinopeptide A
EUR	GCST002443	27.553	24816252	expert curated	High	Eric Fauman	CPT2 encodes carnitine palmitoyltransferase II, which catalyzes the transfer of palmitate and related metabolites from carnitine to coenzyme A in the mitochondrial inner membrane.	09654057	ENSG00000157184	High	2019-05-17	Ed Mountjoy	ProGeM	Eric Fauman	metabolite|mQTL	C	T	1	53695882	1	53230210	rs13375749	HMDB13130	Blood metabolite levels (glutaroyl carnitine)	Glutarylcarnitine
EUR	GCST002443	44.222	24816252	expert curated	High	Eric Fauman	GCDH encodes a glutaryl-CoA dehydrogenase which catalyzes the oxidative decarboxylation of glutaryl-CoA to crotonyl-CoA.	03081514	ENSG00000105607	High	2019-05-17	Ed Mountjoy	ProGeM	Eric Fauman	metabolite|mQTL	G	A	19	13010520	19	12899706	rs8012	HMDB13130	Blood metabolite levels (glutaroyl carnitine)	Glutarylcarnitine
EUR	GCST002443	16.0	24816252	expert curated	High	Eric Fauman	MCCC1 encodes methylcrotonoyl-CoA carboxylase 1 which catalyzes the conversion of 3-methylcrotonyl-CoA to 3-methylglutaconyl-CoA in the breakdown of leucine.  An alternate fate of 3-methylcrotonyl-CoA is 3-hydroxyisovaleryl-CoA.  3-Methylcrotonyl-CoA carboxylase deficiency has been associated with elevated urinary 3-hydroxyisovalerylcarnitine levels.	19339287	ENSG00000078070	High	2019-05-17	Ed Mountjoy	ProGeM	Eric Fauman	metabolite|mQTL	G	T	3	182755209	3	183037421	rs2270968	HMDB0062555	Blood metabolite levels (hydroxyisovaleroyl carnitine)	hydroxyisovaleroyl carnitine
EUR	GCST002443	15.699	24816252	expert curated	High	Eric Fauman	GMPR encodes guanosine monophosphate reducatase which converts guanosine monophosphate to inosine monophosphate which can subsequently be converted to hypoxanthine by the enzyme purine-nucleoside phosphorylase.	00218932	ENSG00000137198	High	2019-05-17	Ed Mountjoy	ProGeM	Eric Fauman	metabolite|mQTL	A	G	6	16288192	6	16287961	rs6459467	HMDB0000157	Blood metabolite levels (hypoxanthine)	Hypoxanthine
EUR	GCST002443	9.795	24816252	expert curated	High	Eric Fauman	DDC encodes dopa decarboxylase which converts tryptophan to tryptamine, which can be further metabolized to indoleacetic acid.	13610897	ENSG00000132437	High	2019-05-17	Ed Mountjoy	ProGeM	Eric Fauman	metabolite|mQTL	T	A	7	50610379	7	50542681	rs7809234	HMDB0000197	indoleacetate - M27513	Indoleacetic acid
EUR	GCST002443	12.0	24816252	expert curated	High	Eric Fauman	CCBL1 encodes a kyneurenine aminotransferase, also known as hKAT-1, which can convert tryptophan to indolepyruvate.  Indolepyruvate is then converted to indolelactate. 	15606768	ENSG00000171097	High	2019-05-17	Ed Mountjoy	ProGeM	Eric Fauman	metabolite|mQTL	A	G	9	131572027	9	128809748	rs15676	HMDB0000671	Blood metabolite levels (indolelactate)	Indolelactic acid
EUR	GCST002443	48.303	24816252	expert curated	High	Eric Fauman	SLC22A1 encodes OCT1, an organic cation transporter with activity towards acylcarnitine.	28942964	ENSG00000175003	High	2019-05-17	Ed Mountjoy	ProGeM	Eric Fauman	metabolite|mQTL	G	C	6	160564476	6	160143444	rs662138	HMDB0062556	isobutyrylcarnitine - M33441	isobutyrylcarnitine
EUR	GCST002443	12.449	24816252	expert curated	High	Eric Fauman	ETFA encodes a mitochondrial-specific electron transfer flavoprotein.  Enzyme deficiency results in urinary excretion of isobutyric acid and isobutyrylglycine; the urinary levels of these metabolites should reflect plasma levels of the analyte reported here, isobutyrylcarnitine.	07360517	ENSG00000140374	High	2019-05-17	Ed Mountjoy	ProGeM	Eric Fauman	metabolite|mQTL	G	A	15	77030792	15	76738451	rs2404602	HMDB0062556	isobutyrylcarnitine - M33441	isobutyrylcarnitine
EUR	GCST002443	7.343	24816252	expert curated	High	Eric Fauman	SUCLA2 encodes a subunit of succinyl-CoA synthetase a key enzyme in the Krebs cycle.  SUCLA2 deficiency results in elevated urinary excretion of leucine degradation products downstream of the analyte detected here (specifically 3-hydroxyisovaleric acid and 3-methylglutaconic acid).	19666145	ENSG00000136143	High	2019-05-17	Ed Mountjoy	ProGeM	Eric Fauman	metabolite|mQTL	T	C	13	48459901	13	47885766	rs4941615	HMDB0000695	4-methyl-2-oxopentanoate - M22116	Ketoleucine
EUR	GCST002443	171.699	24816252	expert curated	High	Eric Fauman	ACADM encodes an acyl-CoA dehydrogenase with a preference for medium chain length acyl-CoAs.  Acyl-CoAs are converted to acyl-carnitines for circulation which are then detected in the plasma.	03597357	ENSG00000117054	High	2019-05-17	Ed Mountjoy	ProGeM	Eric Fauman	metabolite|mQTL	C	T	1	76161889	1	75696204	rs4949874	HMDB0000201|HMDB0000705	Blood metabolite ratios (acetylcarnitine/hexanoylcarnitine)	L-Acetylcarnitine|Hexanoylcarnitine
EUR	GCST002443	8.831	24816252	expert curated	High	Eric Fauman	ASRGL1 encodes an asparaginase which hydrolyzes asparagine to produce aspartate.	24768817	ENSG00000162174	High	2019-05-17	Ed Mountjoy	ProGeM	Eric Fauman	metabolite|mQTL	G	A	11	62176943	11	62409471	rs3017098	HMDB0000168	asparagine - M34283	L-Asparagine
EUR	GCST002443	40.806	24816252	expert curated	High	Eric Fauman	ASPG encodes an asparaginase homolog which which can hydrolyse asparagine to form aspartic acid	09575212	ENSG00000166183	High	2019-05-17	Ed Mountjoy	ProGeM	Eric Fauman	metabolite|mQTL	G	A	14	104608068	14	104141731	rs2011069	HMDB0000168	asparagine - M34283	L-Asparagine
EUR	GCST002443	25.046	24816252	expert curated	High	Eric Fauman	SLC7A5 encodes LAT1 which mediates tryptophan/kynurenine exchange.	17896864	ENSG00000103257	High	2019-05-17	Ed Mountjoy	ProGeM	Eric Fauman	metabolite|mQTL	A	G	16	87878822	16	87845216	rs8051149	HMDB0000684	Blood metabolite levels (kynurenine)	L-Kynurenine
EUR	GCST002443	26.155	24816252	expert curated	High	Eric Fauman	PHGDH encodes a phosphoglycerate dehydrogenase which catalyses the first and rate-limiting step in serine biosynthesis.	16589713	ENSG00000092621	High	2019-05-17	Ed Mountjoy	ProGeM	Eric Fauman	metabolite|mQTL	C	T	1	120209755	1	119667132	rs1163251	HMDB0000187	Blood metabolite levels (serine)	L-Serine
EUR	GCST002443	11.046	24816252	expert curated	High	Eric Fauman	TDO2 encodes tryptophan 2,3-dioxygenase which acts on tryptophan.	08666386	ENSG00000151790	High	2019-05-17	Ed Mountjoy	ProGeM	Eric Fauman	metabolite|mQTL	T	C	4	156808288	4	155887136	rs13122250	HMDB0000929	Blood metabolite levels (tryptophan)	L-Tryptophan
EUR	GCST002443	50.523	24816252	expert curated	High	Eric Fauman	SLC22A5 encodes the OCTN2 protein, which is the primary transporter reponsible for carnitine homeostasis.	20648231	ENSG00000197375	High	2019-05-17	Ed Mountjoy	ProGeM	Eric Fauman	metabolite|mQTL	G	A	5	131665378	5	132329685	rs272889	HMDB0000883|HMDB0000688	Blood metabolite ratios (valine/isovalerylcarnitine)	L-Valine / Isovalerylcarnitine
EUR	GCST002443	37.398	24816252	expert curated	High	Eric Fauman	THEM4 is a broad range acyl-CoA thioesterase with a preference for medium and long chain acyl-CoAs. [19453107].  X-12442 has been identified as 5,8-tetradecadienoate.	19453107	ENSG00000159445	High	2019-05-17	Ed Mountjoy	ProGeM	Eric Fauman	metabolite|mQTL	C	T	1	151930645	1	151958169	rs6693388	HMDB0000673|HMDB0000560	Blood metabolite ratios (linoleate (18:2n6)/X-12442--5,8-tetradecadienoate)	Linoleic acid / 5,8-Tetradecadienoic acid
EUR	GCST002443	13.097	24816252	expert curated	High	Eric Fauman	FMO3 encodes a flavin containing monooxygenase which can act on S-allyl-cysteine and methionine. Methylcysteine is a plausible substrate.  This isozyme prefers smaller substrates and shows highest expression in liver.	18775983	ENSG00000007933	High	2019-05-17	Ed Mountjoy	ProGeM	Eric Fauman	metabolite|mQTL	C	G	1	171080615	1	171111474	rs7061710	HMDB0002108	Blood metabolite levels (X-11786--methylcysteine)	Methylcysteine
EUR	GCST002443	13.301	24816252	expert curated	High	Eric Fauman	ISYNA1 encodes an inositol-3-phosphate synthase, which converts d-glucose 6-phosphate to 1-d-myo-inositol 3-phosphate.	15024000	ENSG00000105655	High	2019-05-17	Ed Mountjoy	ProGeM	Eric Fauman	metabolite|mQTL	A	G	19	18618867	19	18508057	rs4808136	HMDB0000211	Blood metabolite levels (myo-inositol)	myo-Inositol
EUR	GCST002443	115.0	24816252	expert curated	High	Eric Fauman	SCD encodes a stearyl-CoA desaturase which acts on medium chain-length acyl-CoAs to bring about the delta 9 desaturation of various fatty acids, such as the conversion of myristate (14:0) to myristoleate (14:1n5).	00008453	ENSG00000099194	High	2019-05-17	Ed Mountjoy	ProGeM	Eric Fauman	metabolite|mQTL	A	G	10	102075479	10	100315722	rs603424	HMDB0000806|HMDB0002000	Blood metabolite ratios (myristate (14:0)/myristoleate (14:1n5))	Myristic acid / Myristoleic acid
EUR	GCST002443	13.523	24816252	expert curated	High	Eric Fauman	AOC1 encodes an amine oxidase which deaminates N1-acetylspermidine to produce N-[3-(2-oxopyrrolidin-1-yl)propyl]acetamide (also known as acisoga).  	12072962	ENSG00000002726	High	2019-05-17	Ed Mountjoy	ProGeM	Eric Fauman	metabolite|mQTL	G	T	7	150543721	7	150846633	rs1005390	HMDB0061384	Blood metabolite levels (X-03056--N-[3-(2-Oxopyrrolidin-1-yl)propyl]acetamide)	N-(3-acetamidopropyl)pyrrolidin-2-one
EUR	GCST002443	12.523	24816252	expert curated|expert curated	High|High	Eric Fauman|Eric Fauman	PAOX encodes an N1-acetylspermidine oxidase.  The detected analyte is a downstream metabolite of N1-acetylspermidine.  |PAOX encodes an N1-acetylspermidine oxidase.  The detected analyte is a downstream metabolite of N1-acetylspermidine.  	12660232|03558558	ENSG00000148832	High	2019-05-17	Ed Mountjoy	ProGeM	Eric Fauman	metabolite|mQTL	T	A	10	135197336	10	133383832	rs11101730	HMDB0061384	Blood metabolite levels (X-03056--N-[3-(2-Oxopyrrolidin-1-yl)propyl]acetamide)	N-(3-acetamidopropyl)pyrrolidin-2-one
EUR	GCST002443	497.301	24816252	expert curated	High	Eric Fauman	NAT8 shows sequence similarity to N-acetyltransferases.  N-acetylornithine may be a product or related to a product.  Ornithine itself is part of the urea cycle and myoinositol levels are altered in patients with urea cycle disorders.	18662894	ENSG00000144035	High	2019-05-17	Ed Mountjoy	ProGeM	Eric Fauman	metabolite|mQTL	G	A	2	73868328	2	73641201	rs13538	HMDB0003357|HMDB0000211	Blood metabolite ratios (N-acetylornithine/myo-inositol)	N-Acetylornithine / myo-Inositol
EUR	GCST002443	11.222	24816252	expert curated|expert curated	High|High	Eric Fauman|Eric Fauman	ACMSD encodes alpha-Amino-beta-carboxymuconate-epsilon-semialdehyde decarboxylase, the key enzyme regulating de novo synthesis of nicitinamide adenine dinucleotide (NAD) from tryptophan.  The metabolite in question, N1-methyl-3-pyridone-4-carboxamide, is an endproduct of NAD degradation.|ACMSD encodes alpha-Amino-beta-carboxymuconate-epsilon-semialdehyde decarboxylase, the key enzyme regulating de novo synthesis of nicitinamide adenine dinucleotide (NAD) from tryptophan.  The metabolite in question, N1-methyl-3-pyridone-4-carboxamide, is an endproduct of NAD degradation.	16807375|12694300	ENSG00000153086	High	2019-05-17	Ed Mountjoy	ProGeM	Eric Fauman	metabolite|mQTL	T	C	2	135631400	2	134873830	rs6430553	HMDB0004194	Blood metabolite levels (X-12095--N1-methyl-3-pyridone-4-carboxamide)	N1-Methyl-4-pyridone-3-carboxamide
EUR	GCST002443	134.0	24816252	expert curated	High	Eric Fauman	ACADL encodes Long-chain acyl-CoA dehydrogenase which has activity against a variety of medium and long chain acyl-CoAs .  Intracellular acyl-CoAs are converted to acyl-carnitines for circulation.	10832093	ENSG00000115361	High	2019-05-17	Ed Mountjoy	ProGeM	Eric Fauman	metabolite|mQTL	C	T	2	210874246	2	210009522	rs3738934	HMDB0013288	Blood metabolite levels (X-13431--nonanoylcarnitine)	Nonanoylcarnitine
EUR	GCST002443	177.301	24816252	expert curated	High	Eric Fauman	COMT encodes the catechol-O-methyltransferase which can methylate ascorbate to produce O-methylascorbate.	07129800	ENSG00000093010	High	2019-05-17	Ed Mountjoy	ProGeM	Eric Fauman	metabolite|mQTL	A	G	22	19951271	22	19963748	rs4680	HMDB0000044	Blood metabolite levels (X-11593--O-methylascorbate)	O-methylascorbate
EUR	GCST002443	17.155	24816252	expert curated	High	Eric Fauman	ARSA encodes the arylsulfatase A, which can act on L-tyrosine O-sulfate.	00033715	ENSG00000100299	High	2019-05-17	Ed Mountjoy	ProGeM	Eric Fauman	metabolite|mQTL	C	T	22	51063477	22	50625049	rs6151429	HMDB0000158	Blood metabolite levels (X-11423--O-sulfo-L-tyrosine)	O-Sulfotyrosine
EUR	GCST002443	10.097	24816252	expert curated	High	Eric Fauman	SLC5A6 encodes a solute transporter with demonstrated activity for pantothenate	09516450	ENSG00000138074	High	2019-05-17	Ed Mountjoy	ProGeM	Eric Fauman	metabolite|mQTL	A	G	2	27424636	2	27201768	rs1395	HMDB0000210	Blood metabolite levels (pantothenate)	Pantothenic acid
EUR	GCST002443	23.523	24816252	expert curated	High	Eric Fauman	GOT2 encodes the enzyme aspartate aminotransferase which can take each of the aromatic amino acids as substrates. In particular, GOT2 catalyzes the conversion of phenylalanine to phenylpyruvate which is then converted to phenyllactate.	04623131	ENSG00000125166	High	2019-05-17	Ed Mountjoy	ProGeM	Eric Fauman	metabolite|mQTL	C	T	16	58829790	16	58795886	rs12709013	HMDB0000779|HMDB0000159	Blood metabolite ratios (phenyllactate (PLA)/phenylalanine)	Phenyllactic acid / L-Phenylalanine
EUR	GCST002443	22.046	24816252	expert curated	High	Eric Fauman	TKT encodes transkelolase, an enzyme with a prefererence for D-erythrose 4-phosphate as a substrate.	09924800	ENSG00000163931	High	2019-05-17	Ed Mountjoy	ProGeM	Eric Fauman	metabolite|mQTL	C	T	3	53282188	3	53248172	rs4687717	HMDB0001429|HMDB0000613	Blood metabolite ratios (phosphate/erythronate)	Phosphate / Erythronic acid
EUR	GCST002443	42.046	24816252	expert curated	High	Eric Fauman	IVD encodes isovaleryl-CoA dehydrogenase which acts on isovaleryl-CoA in the third step of leucine catabolism.  Isovaleryl-CoA is converted to isovalerylcarnitine for circulation.	03597357	ENSG00000128928	High	2019-05-17	Ed Mountjoy	ProGeM	Eric Fauman	metabolite|mQTL	G	A	15	40703211	15	40411012	rs9635324	HMDB0000824|HMDB0000688	Blood metabolite ratios (propionylcarnitine/isovalerylcarnitine)	Propionylcarnitine / Isovalerylcarnitine
EUR	GCST002443	109.222	24816252	expert curated	High	Eric Fauman	OPLAH encodes 5-oxoprolinase which catalyzes the ATP-dependent hydrolysis of 5-oxoproline to glutamic acid	09233839	ENSG00000178814	High	2019-05-17	Ed Mountjoy	ProGeM	Eric Fauman	metabolite|mQTL	T	C	8	145155408	8	144100505	rs12550729	HMDB0000267	Blood metabolite levels (5-oxoproline)	Pyroglutamic acid
EUR	GCST002443	190.523	24816252	expert curated	High	Eric Fauman	SULT2A1 encodes a bile salt sulfotransferase which can catalyze the sulfation of steroids and bile acids.	08575776	ENSG00000105398	High	2019-05-17	Ed Mountjoy	ProGeM	Eric Fauman	metabolite|mQTL	A	C	19	48385057	19	47881800	rs2547231	HMDB03818	Blood metabolite ratios (X-11440/4-androsten-3beta,17beta-diol disulfate 2)	similar to 5-Androstenediol
EUR	GCST002443	10.155	24816252	expert curated	High	Eric Fauman	SUCLG2 encodes the beta subunit of succinate-CoA ligase which acts on succinate-CoA.  Acyl-CoAs and acyl-carnitines are readily interconverted.	18392745	ENSG00000172340	High	2019-05-17	Ed Mountjoy	ProGeM	Eric Fauman	metabolite|mQTL	C	T	3	67416322	3	67365898	rs17806888	HMDB0061717	Blood metabolite levels (succinylcarnitine)	Succinylcarnitine
EUR	GCST002443	85.097	24816252	expert curated	High	Eric Fauman	CYP4A11 encodes a fatty acid omega-hydroxylase.  X-11438 may be a hydroxylated tridecenoic acid (C13:1(OH)) so may represent a product.	10860550	ENSG00000187048	High	2019-05-17	Ed Mountjoy	ProGeM	Eric Fauman	metabolite|mQTL	G	A	1	47331966	1	46866294	rs6678639	HMDB33724|HMDB0035881	Blood metabolite ratios (10-undecenoate (11:1n1)/X-11438)	Undecylenic acid / 11-Hydroxy-9-tridecenoic acid
EUR	GCST002443	7.467	24816252	expert curated	High	Eric Fauman	CDA encodes cytidine deaminase which deaminates cytidine, producing uridine.	08422236	ENSG00000158825	High	2019-05-17	Ed Mountjoy	ProGeM	Eric Fauman	metabolite|mQTL	T	C	1	20915172	1	20588679	rs532545	HMDB0000296	uridine - M00606	Uridine
EUR	GCST002443	7.724	24816252	expert curated	High	Eric Fauman	UPP1 encodes uridine phosphorylase which catalyzes the interconversion of uridine and uracil.	07488099	ENSG00000183696	High	2019-05-17	Ed Mountjoy	ProGeM	Eric Fauman	metabolite|mQTL	T	C	7	48102911	7	48063314	rs2686796	HMDB0000296	uridine - M00606	Uridine
EUR	GCST002443	15.398	24816252	expert curated	High	Eric Fauman	TYMP encodes thymidine phosphorylase, which catalyzes the phosphorolysis of thymidine and deoxyuridine.   These pyrimidines are metabolically linked to uridine.	07284378	ENSG00000025708	High	2019-05-17	Ed Mountjoy	ProGeM	Eric Fauman	metabolite|mQTL	C	A	22	50971752	22	50533323	rs131794	HMDB0000296	Blood metabolite levels (uridine)	Uridine
AFR|EUR	GCST002559	12.699	25147783	expert curated	High	Eric Fauman	CUBN encodes cubilin, a protein involved in the uptake of vitamin B12 (cobalamin).  CUBN deficiency results in reduced levels of cobalamin.	09478979	ENSG00000107611	High	2019-05-17	Ed Mountjoy	ProGeM	Eric Fauman	metabolite|mQTL	G	A	10	17156151	10	17114152	rs1801222	HMDB0002174	Vitamin B levels in ischemic stroke (Vitamin B12)	Cobalamin
EAS	GCST002586	11.719	25187374	expert curated	High	Eric Fauman	FOXA2 encodes a transcription factor that impacts the expression of many genes (i.e., GCK, SLC2A2) previously related to the glucose levels.	11875061	ENSG00000125798	High	2019-05-17	Ed Mountjoy	ProGeM	Eric Fauman	metabolite|mQTL	C	T	20	22581268	20	22600630	rs6048216	HMDB0000122	Fasting plasma glucose (East Asian)	D-Glucose
EUR	GCST002623	18.398	25245031	expert curated	High	Eric Fauman	ARG1 encodes an arginase which hydrolyzes arginine.  Enzyme deficiency causes argininemia.	03540966	ENSG00000118520	High	2019-05-17	Ed Mountjoy	ProGeM	Eric Fauman	metabolite|mQTL	A	G	6	131924689	6	131603549	rs2248551	HMDB0000517	L-arginine levels	L-Arginine
AMR|ASW|EUR|JPT|ZZ2	GCST002652	154.699	25293881	expert curated	High	Eric Fauman	UGT2B10 encodes a UDP glucuronosyltransferase which glucuronidates cotinine to produce cotinine glucuronide	17576790	ENSG00000109181	High	2019-05-17	Ed Mountjoy	ProGeM	Eric Fauman	metabolite|mQTL	A	C	4	69673553	4	68807835	rs34100980	HMDB0001013	Cotinine glucuronidation	Cotinine glucuronide
EUR	GCST002679	19.177	25352340	expert curated	High	Eric Fauman	TF encodes transferrin, a key transporter for iron.	01809186	ENSG00000091513	High	2019-05-17	Ed Mountjoy	ProGeM	Eric Fauman	metabolite|mQTL	G	T	3	133477701	3	133758857	rs8177240	HMDB0015531	Iron|serum	Iron
EUR	GCST002679	96.565	25352340	expert curated	High	Eric Fauman	HFE encodes the hereditary hemochromatosis protein which binds transferrin receptor which binds transferrin which binds iron	09465039	ENSG00000010704	High	2019-05-17	Ed Mountjoy	ProGeM	Eric Fauman	metabolite|mQTL	A	G	6	26093141	6	26092913	rs1800562	HMDB0015531	Iron|serum	Iron
EUR	GCST002679	18.0	25352340	expert curated	High	Eric Fauman	TFR2 encodes a receptor for transferrin which binds iron	10409623	ENSG00000106327	High	2019-05-17	Ed Mountjoy	ProGeM	Eric Fauman	metabolite|mQTL	A	C	7	100235970	7	100638347	rs7385804	HMDB0015531	Iron status biomarkers (iron levels)	Iron
EUR	GCST002679	139.0	25352340	expert curated	High	Eric Fauman	TMPRSS6 encodes a protease which regulates levels of hepcidin which regulates iron levels	25588876	ENSG00000187045	High	2019-05-17	Ed Mountjoy	ProGeM	Eric Fauman	metabolite|mQTL	G	A	22	37462936	22	37066896	rs855791	HMDB0015531	Iron status biomarkers (iron levels)	Iron
EUR	GCST002690	39.577	25378659	expert curated	High	Eric Fauman	CERS4 encodes a ceramide synthase which produces ceramides from sphingosine and a long chain acyl CoA, derived from long chain free fatty acids.	12912983	ENSG00000090661	High	2019-05-17	Ed Mountjoy	ProGeM	Eric Fauman	metabolite|mQTL	A	G	19	8281635	19	8216751	rs2100944	HMDB0002212	FA 20:0|plasma	Arachidic acid
unknown	GCST002712	48.523	25500335	expert curated	High	Eric Fauman	LPCAT3 encodes a lysophosphatidylcholine acyltransferase which takes the CoA version of oleic acid to convert lysophosphatidylcholine to phosphatidylcholine.	18781350	ENSG00000111684	High	2019-05-17	Ed Mountjoy	ProGeM	Eric Fauman	metabolite|mQTL	T	C	12	7075882	12	6966719	rs2110073	HMDB0000207	Red blood cell fatty acid levels (OA)	Oleic Acid
unknown	GCST002831	13.398	25820613	expert curated	High	Eric Fauman	ALAD encodes aminolevulinate dehydratase, an enzyme which binds to lead.	01713045	ENSG00000148218	High	2019-05-17	Ed Mountjoy	ProGeM	Eric Fauman	metabolite|mQTL	G	A	9	116151191	9	113388911	rs1805313	HMDB0004628	Lead levels in blood	Lead
unknown	GCST002932	13.658	26025379	expert curated	High	Eric Fauman	SLC30A10 encodes a transporter with specificity for manganese.	25319704	ENSG00000196660	High	2019-05-17	Ed Mountjoy	ProGeM	Eric Fauman	metabolite|mQTL	G	A	1	220080028	1	219906686	rs1776029	HMDB0001333	Manganese|plasma	Manganese
EUR	GCST002964	31.699	26068415	expert curated	High	Eric Fauman	SPTLC3 encodes a subunit of serine palmitoyltransferase, which catalyzes the first step in de novo sphingolipid biosynthesis.	17023427	ENSG00000172296	High	2019-05-17	Ed Mountjoy	ProGeM	Eric Fauman	metabolite|mQTL	C	T	20	12959398	20	12978750	rs4814176	HMDB0013469	Sphingolipid levels (Hydroxysphingomyeline C24:1)	Hydroxysphingomyeline C24:1
EUR	GCST002961	80.82	26068415	expert curated	High	Eric Fauman	SLC16A9 encodes a carnitine efflux transporter.	21886157	ENSG00000165449	High	2019-05-17	Ed Mountjoy	ProGeM	Eric Fauman	metabolite|mQTL	C	T	10	61469538	10	59709780	rs1171614	HMDB0000062	C0	L-Carnitine
EUR	GCST002966	58.523	26068415	expert curated	High	Eric Fauman	PRODH encodes proline dehydrogenase which catalyzes the first step in proline degradation	16874462	ENSG00000100033	High	2019-05-17	Ed Mountjoy	ProGeM	Eric Fauman	metabolite|mQTL	A	C	22	18959684	22	18972171	rs2540641	HMDB0000162	Blood metabolite levels (proline)	L-Proline
EUR	GCST002966	17.353	26068415	expert curated	High	Eric Fauman	PSPH encodes phosphoserine phosphatase which produces serine	16589713	ENSG00000146733	High	2019-05-17	Ed Mountjoy	ProGeM	Eric Fauman	metabolite|mQTL	C	T	7	56079094	7	56011401	rs4947534	HMDB0000187	Ser	L-Serine
EUR	GCST002966	12.552	26068415	expert curated	High	Eric Fauman	MFSD2A encodes a lysophosphotidylcholine transporter.	24828044	ENSG00000168389	High	2019-05-17	Ed Mountjoy	ProGeM	Eric Fauman	metabolite|mQTL	T	G	1	40403370	1	39937698	rs7529794	HMDB0010382	lysoPC a C16:0	LysoPC(16:0)
EUR	GCST002966	9.39	26068415	expert curated	High	Eric Fauman	AGPS encodes the alkylglycerone phosphate synthase which generates ether phospholipids such as the metabolite detected here.	10215861	ENSG00000018510	High	2019-05-17	Ed Mountjoy	ProGeM	Eric Fauman	metabolite|mQTL	G	A	2	178370631	2	177505903	rs7582179	HMDB0013456	PC ae C44:5	PC(o-22:2(13Z,16Z)/22:3(10Z,13Z,16Z))
EUR	GCST002966	10.475	26068415	expert curated	High	Eric Fauman	ACSL1 encodes a long-chain fatty-acid-coenzyme A ligase which produces acyl-CoAs.  These in turn can be used in the synthesis of plasmalogens, e.g., via LPCAT4	08584017	ENSG00000151726	High	2019-05-17	Ed Mountjoy	ProGeM	Eric Fauman	metabolite|mQTL	T	C	4	185773811	4	184852657	rs7700133	HMDB0013456	PC ae C44:5	PC(o-22:2(13Z,16Z)/22:3(10Z,13Z,16Z))
EUR	GCST002966	10.419	26068415	expert curated	High	Eric Fauman	ABHD3 encodes a phospholipase with demonstrated activity against PC(32:2), specifically the PC(14:0/18:2) stereoisomer.	21926997	ENSG00000158201	High	2019-05-17	Ed Mountjoy	ProGeM	Eric Fauman	metabolite|mQTL	G	T	18	19263128	18	21683167	rs7343008	HMDB0007874	PC aa C32:2	Phosphatidyl choline PC(14:0/18:2(9Z,12Z)) is a specific example  
EUR	GCST003119	251.625	26352407	expert curated|expert curated	High|High	Eric Fauman|Eric Fauman	AGXT2 encodes an alanine-glyoxylate aminotransferase, an enzyme which can take 3-aminoisobutyrate as a substrate.|AGXT2 encodes an alanine-glyoxylate aminotransferase, an enzyme which can take 3-aminoisobutyrate as a substrate.	08427875|05773299	ENSG00000113492	High	2019-05-17	Ed Mountjoy	ProGeM	Eric Fauman	metabolite|mQTL	T	C	5	35037115	5	35037010	rs37369	HMDB0003911	3-aminoisobutyrate|urine	3-Aminoisobutanoic acid
EUR	GCST003119	17.159	26352407	expert curated	High	Eric Fauman	AGXT encodes alanine-glyoxylate aminotransferase.  When acting on valine, rather than alanine, as a substrate, the enzyme will produce alpha-ketoisovaleric acid as a product (see EC code EC 2.6.1.66).  The mouse and rat orthologs have demonstrated activity on valine.	00629740	ENSG00000172482	High	2019-05-17	Ed Mountjoy	ProGeM	Eric Fauman	metabolite|mQTL	G	A	2	241837452	2	240898035	rs6748734	HMDB0000019	alpha-ketoisovalerate|urine	alpha-Ketoisovaleric acid
EUR	GCST003119	59.074	26352407	expert curated	High	Eric Fauman	SLC6A20 encodes a transporter for N-methylglycine, proline and other specific amino acids.	15632147	ENSG00000163817	High	2019-05-17	Ed Mountjoy	ProGeM	Eric Fauman	metabolite|mQTL	A	G	3	45814094	3	45772602	rs17279437	HMDB0000092|HMDB0000161	N,N-dimethylglycine/alanine|urine	Dimethylglycine / L-Alanine
EUR	GCST003119	27.146	26352407	expert curated	High	Eric Fauman	ETNPPL encodes the ethanolamine-phosphate phospho-lyase which acts on the phosphorylated form of ethanolamine.  AGXT2L1 is a common synonym for this gene.	22241472	ENSG00000164089	High	2019-05-17	Ed Mountjoy	ProGeM	Eric Fauman	metabolite|mQTL	T	C	4	109705967	4	108784811	rs56043887	HMDB0000149	ethanolamine|urine	Ethanolamine
EUR	GCST003119	14.68	26352407	expert curated	High	Eric Fauman	SLC36A2 encodes the a proton-coupled amino acid transporter, which is specific for glycine and proline.	19033659	ENSG00000186335	High	2019-05-17	Ed Mountjoy	ProGeM	Eric Fauman	metabolite|mQTL	C	T	5	150698806	5	151319245	rs3846710	HMDB0000123|HMDB0000094	glycine/citrate|urine	Glycine / Citric acid
EUR	GCST003119	13.53	26352407	expert curated	High	Eric Fauman	XYLB encodes a xylulokinase homolog which phosphorylates D-xylulose, a precursor of glycolate	09783918	ENSG00000093217	High	2019-05-17	Ed Mountjoy	ProGeM	Eric Fauman	metabolite|mQTL	C	T	3	38395562	3	38354071	rs3132440	HMDB0000115	glycolate|urine	Glycolic acid
EUR	GCST003119	261.126	26352407	expert curated|expert curated	High|High	Eric Fauman|Eric Fauman	SLC6A19 encodes a neutral amino acid transporter which can act on tyrosine.  The nearby paralog, SLC6A18, is specific for glycine.|SLC6A19 encodes a neutral amino acid transporter which can act on tyrosine.  The nearby paralog, SLC6A18, is specific for glycine.	15044460|15804236	ENSG00000174358	High	2019-05-17	Ed Mountjoy	ProGeM	Eric Fauman	metabolite|mQTL	T	C	5	1183560	5	1183445	rs11750211	HMDB0000158	tyrosine|urine	L-Tyrosine
EUR	GCST003119	65.034	26352407	expert curated	High	Eric Fauman	SLC5A11 encodes a sodium/myo-inositol transporter (SMIT2) which can also transport scyllo-inostiol.	21887366	ENSG00000158865	High	2019-05-17	Ed Mountjoy	ProGeM	Eric Fauman	metabolite|mQTL	T	C	16	25002600	16	24991279	rs17702912	HMDB0000211	myo-inositol|urine	myo-Inositol
EUR	GCST003119	15.845	26352407	expert curated	High	Eric Fauman	SLC13A3 encodes a high affinity succinate transporter enriched in kidney tissue.	10794676	ENSG00000158296	High	2019-05-17	Ed Mountjoy	ProGeM	Eric Fauman	metabolite|mQTL	C	A	20	45261041	20	46632402	rs941206	HMDB0000254|HMDB0000094	sucinate/citrate|urine	Succinic acid / Citric acid
EUR	GCST006879	36.131	26401656	expert curated	High	Eric Fauman	SLC22A16 encodes transporter specific for carnitine	12089149	ENSG00000004809	High	2019-05-17	Ed Mountjoy	ProGeM	Eric Fauman	metabolite|mQTL	G	A	6	110760008	6	110438805	rs12210538	EFO_0005059 	total acylcarnitine	acylcarnitine measurement
EUR	GCST006879	11.622	26401656	expert curated	High	Eric Fauman	GPT encodes alanine aminotransferase which takes alanine as a substrate and produces glutamate which is one step removed from aspartate.	09119391	ENSG00000167701	High	2019-05-17	Ed Mountjoy	ProGeM	Eric Fauman	metabolite|mQTL	C	A	8	145701453	8	144476070	rs750472	HMDB0000161|HMDB0000168	metabolite ratio (Ala/Asp)	L-Alanine / L-Asparagine
EUR	GCST006879	82.375	26401656	expert curated	High	Eric Fauman	CRAT encodes carnitine O-acetyltransferase, which catalyzes the interconversion of short chain acylcarnitines and acyl-coenzyme A derivatives. 	02351134	ENSG00000095321	High	2019-05-17	Ed Mountjoy	ProGeM	Eric Fauman	metabolite|mQTL	T	C	9	131865027	9	129102748	rs746872	HMDB0013133	Methylmalonylcarnitine	Methylmalonylcarnitine
EUR	GCST006879	7.269	26401656	expert curated	High	Eric Fauman	HLCS encodes a biotin apo-protein ligase which attaches biotin to four biotin-dependent enymes, including enzymes involved in branched chain amino acid catabolism.  Holocarboxylase synthetase deficiency results in increased levels of 3-Hydroxyisovalerylcarnitine.	19201116	ENSG00000159267	High	2019-05-17	Ed Mountjoy	ProGeM	Eric Fauman	metabolite|mQTL	G	A	21	38336834	21	36964534	rs1571700	HMDB0061189	2-Hydroxyisovalerylcarnitine	Similar to 3-Hydroxyisovalerylcarnitine
FIN		85.239	26407342	expert curated	High	Eric Fauman	CYP2A6 encodes a cytochrome P450 which is the primary enzyme responsible for the conversion of nicotine to cotinine.	08937855	ENSG00000255974	High	2019-05-17	Ed Mountjoy	ProGeM	Eric Fauman	metabolite|mQTL	C	T	19	41353107	19	40847202	rs56113850	HMDB0001390|HMDB0001046	Nicotine Metabolite Ratio	ratio of Hydroxycotinine to Cotinine
EUR	GCST003666	17.319	27005778	expert curated	High	Eric Fauman	SLC13A5 encodes NaCT, a sodium-coupled citrate transporter.	16973915	ENSG00000141485	High	2019-05-17	Ed Mountjoy	ProGeM	Eric Fauman	metabolite|mQTL	C	A	17	6595398	17	6692079	rs172642	HMDB0000094	Citrate	Citric acid
EUR	GCST003666	21.886	27005778	expert curated	High	Eric Fauman	SLC25A1 encodes the mitochondrial-localized tricarboxylate transporter of citrate.	02804096	ENSG00000100075	High	2019-05-17	Ed Mountjoy	ProGeM	Eric Fauman	metabolite|mQTL	T	C	22	19161935	22	19174422	rs2040771	HMDB0000094	Citrate	Citric acid
EUR	GCST003666	300.0	27005778	expert curated	High	Eric Fauman	CPS1 encodes a mitochondrial carbamoyl phosphate synthetase which takes ammonia as a substrate.   Glycine and ammonia are interconverted via the glycine cleavage complex.	18941301	ENSG00000021826	High	2019-05-17	Ed Mountjoy	ProGeM	Eric Fauman	metabolite|mQTL	A	C	2	211540507	2	210675783	rs1047891	HMDB0000123	Glycine	Glycine
EUR	GCST003666	39.432	27005778	expert curated	High	Eric Fauman	GLDC encodes glycine dehydrogenase which takes glycine as a substrate.  GLDC deficiency causes excess of glycine.	04585091	ENSG00000178445	High	2019-05-17	Ed Mountjoy	ProGeM	Eric Fauman	metabolite|mQTL	TA	T	9	5877295	9	5877295	rs140348140	HMDB0000123	Glycine	Glycine
EUR	GCST003666	12.523	27005778	expert curated	High	Eric Fauman	GCSH encodes the glycine cleavage system H protein which is involved in the degradation of glycine.  GCSH deficiency leads to excess plasma glycine.	18941301	ENSG00000140905	High	2019-05-17	Ed Mountjoy	ProGeM	Eric Fauman	metabolite|mQTL	T	C	16	81065282	16	81031677	rs10083777	HMDB0000123	Glycine	Glycine
EUR	GCST003665	10.495	27005778	expert curated	High	Eric Fauman	APOA2 encodes apolipoprotein A-II, a major component of HDL particles	24089247	ENSG00000158874	High	2019-05-17	Ed Mountjoy	ProGeM	Eric Fauman	metabolite|mQTL	C	T	1	161190250	1	161220460	rs4503368	EFO_0004612	XL.HDL.PL	high density lipoprotein cholesterol measurement
EUR	GCST003665	54.585	27005778	expert curated	High	Eric Fauman	PLTP encodes phospholipid transfer protein which acts directly on HDL particles.	08664337	ENSG00000100979	High	2019-05-17	Ed Mountjoy	ProGeM	Eric Fauman	metabolite|mQTL	C	T	20	44551855	20	45923216	rs6073958	EFO_0004612	S.HDL.P	high density lipoprotein cholesterol measurement
EUR	GCST003666	12.215	27005778	expert curated|expert curated	High|High	Eric Fauman|Eric Fauman	SLC38A4 encodes a liver-enriched amino acid transporter (ATA3) with affinity for most cationic and neutral amino acids including alanine.|SLC38A4 encodes a liver-enriched amino acid transporter (ATA3) with affinity for most cationic and neutral amino acids including alanine.	11342143|11118514	ENSG00000139209	High	2019-05-17	Ed Mountjoy	ProGeM	Eric Fauman	metabolite|mQTL	G	A	12	47201814	12	46808031	rs4554975	HMDB0000161	Alanine	L-Alanine
EUR	GCST003666	69.481	27005778	expert curated	High	Eric Fauman	GLS2 encodes the mitochondrial phosphate-activated glutaminase which catalyzes the hydrolysis of glutamine to glutamate and ammonia.	10620514	ENSG00000135423	High	2019-05-17	Ed Mountjoy	ProGeM	Eric Fauman	metabolite|mQTL	G	A	12	56865338	12	56471554	rs2657879	HMDB0000641	Glutamine	L-Glutamine
EUR	GCST003666	14.137	27005778	expert curated	High	Eric Fauman	HAL encodes histidine ammonia-lyase which catalyzes the first step in the degradation of histidine to glutamate.	13018112	ENSG00000084110	High	2019-05-17	Ed Mountjoy	ProGeM	Eric Fauman	metabolite|mQTL	A	C	12	96314795	12	95921017	rs7954638	HMDB0000177	Metabolite levels (small molecules and protein measures) (Histidine)	L-Histidine
EUR	GCST003666	14.602	27005778	expert curated	High	Eric Fauman	PAH encodes the enzyme phenylalanine hydroxylase which is the rate-limiting step in phenylalanine catabolism.	04150152	ENSG00000171759	High	2019-05-17	Ed Mountjoy	ProGeM	Eric Fauman	metabolite|mQTL	G	A	12	103242396	12	102848618	rs1718309	HMDB0000159	Phenylalanine	L-Phenylalanine
EUR	GCST003666	23.854	27005778	expert curated	High	Eric Fauman	SLC16A10 encodes the T?type amino acid transporter?1 (TAT1); this transporter transports tryptophan, tyrosine and phenylalanine	11827462	ENSG00000112394	High	2019-05-17	Ed Mountjoy	ProGeM	Eric Fauman	metabolite|mQTL	A	C	6	111543944	6	111222741	rs14399	HMDB0000158	Tyrosine	L-Tyrosine
EUR	GCST003666	34.77	27005778	expert curated	High	Eric Fauman	PPM1K encodes a phosphatase called PP2Cm for the branched-chain keto acid dehydrogenase (BCKD) complex.  BCKD catalyzes an essential step in the catabolism of valine and the other branched chain amino acids.	19411760	ENSG00000163644	High	2019-05-17	Ed Mountjoy	ProGeM	Eric Fauman	metabolite|mQTL	C	A	4	89206230	4	88285078	rs9637599	HMDB0000883	Valine	L-Valine
EUR	GCST003666	10.678	27005778	expert curated	High	Eric Fauman	PDPR encodes a component of the pyruvate dehydrogenase complex (PDC) which converts pyruvate into acetyl-CoA.	09395502	ENSG00000090857	High	2019-05-17	Ed Mountjoy	ProGeM	Eric Fauman	metabolite|mQTL	T	C	16	69979271	16	69945368	rs74249229	HMDB0000243	Pyruvate	Pyruvic acid
EUR	GCST003665	99.866	28334899	expert curated	High	Eric Fauman	MLXIPL encodes the carbohydrate-responsive element-binding protein, a transcription factor for multiple lipogenic enzymes.	16890538	ENSG00000009950	High	2019-05-17	Ed Mountjoy	ProGeM	Eric Fauman	metabolite|mQTL	T	C	7	72982874	7	73568544	rs17145738	EFO_0004530	Triglycerides	triglyceride measurement
